{"authorDailyContributionsMap":{"domlimm":[{"date":"2022-12-26","commitResults":[{"hash":"a40b94efaf5099cd3e03501aec8c2e06e40ab33e","isMergeCommit":false,"messageTitle":"[#11876] Improve UX of Progress Bars (#12008)","messageBody":"","fileTypesAndContributionMap":{"ts":{"insertions":1,"deletions":1}}},{"hash":"96ea1f324738adc0d84cd947e3130fc724a9a4c5","isMergeCommit":false,"messageTitle":"[#11869] Student: Enhance UX when submitting response for a feedback question (#11942)","messageBody":"","fileTypesAndContributionMap":{"html":{"insertions":5,"deletions":2},"ts":{"insertions":33,"deletions":0}}}]},{"date":"2023-04-08","commitResults":[{"hash":"036165a0c485ebec74a5ced7e60ff3725c95c754","isMergeCommit":false,"messageTitle":"[#12048] Create Student, Instructor and User Entities for PostgreSQL Migration (#12071)","messageBody":"","fileTypesAndContributionMap":{"java":{"insertions":416,"deletions":1}}},{"hash":"dde3d9eba6e08ab4db093dc46965d60fcd87fac7","isMergeCommit":false,"messageTitle":"[#12048] Create User DB Layer for v9 Migration (#12110)","messageBody":"","fileTypesAndContributionMap":{"java":{"insertions":264,"deletions":20}}},{"hash":"8adeed8fe21db9129652f1d7d10fe74358215eb5","isMergeCommit":false,"messageTitle":"[#12048] Create SQL Logic for Get User Actions (#12136)","messageBody":"","fileTypesAndContributionMap":{"java":{"insertions":286,"deletions":28}}},{"hash":"a66ce42796ace8340e88b7bb079705209d4693be","isMergeCommit":false,"messageTitle":"[#12048] Add Unit Tests for UserDb methods (#12163)","messageBody":"","fileTypesAndContributionMap":{"java":{"insertions":106,"deletions":89}}},{"hash":"e8220777d7975ca4839ffbc8d6b05fef8ee0ede0","isMergeCommit":false,"messageTitle":"[#12048] Update access visibility of HibernateUtils utility methods to private (#12171)","messageBody":"","fileTypesAndContributionMap":{"java":{"insertions":40,"deletions":37}}},{"hash":"e3fb6e5e3519723077f1fb732a2029f00844dc00","isMergeCommit":false,"messageTitle":"[#12048] Get Account and Accounts actions (#12176)","messageBody":"","fileTypesAndContributionMap":{"java":{"insertions":167,"deletions":11}}},{"hash":"0780ba9b38522241ce090597a6cc3c46a48b1a34","isMergeCommit":false,"messageTitle":"[#12048] Migrate DeleteAccountAction (#12184)","messageBody":"","fileTypesAndContributionMap":{"java":{"insertions":219,"deletions":6}}},{"hash":"ca21f350f7cbfa62c07cd458eca8c3663379671f","isMergeCommit":false,"messageTitle":"[#12048] Migrate Reset Account Action (#12204)","messageBody":"","fileTypesAndContributionMap":{"java":{"insertions":577,"deletions":30}}},{"hash":"f4764ef556c651715f33bfc0156399b9f77d6c83","isMergeCommit":false,"messageTitle":"[#12048] Migrate Get Instructors Action (#12210)","messageBody":"","fileTypesAndContributionMap":{"java":{"insertions":296,"deletions":31}}},{"hash":"8ac500e92119451b3b7509f053a1cc72305d2071","isMergeCommit":false,"messageTitle":"[#12048] Migrate Get Student and Students Action (#12211)","messageBody":"","fileTypesAndContributionMap":{"java":{"insertions":584,"deletions":82}}},{"hash":"dc38877a17ae5d234da31dd8dae4c568a04cc76b","isMergeCommit":false,"messageTitle":"[#12048] Fix Typo in Naming of DB Tables (#12232)","messageBody":"","fileTypesAndContributionMap":{"java":{"insertions":2,"deletions":2}}},{"hash":"4d91ef4738cd4e219abd7ba01505260098855170","isMergeCommit":false,"messageTitle":"[#12048] Migrate Get Instructor Privilege Action (#12245)","messageBody":"","fileTypesAndContributionMap":{"java":{"insertions":189,"deletions":6}}}]},{"date":"2023-04-13","commitResults":[{"hash":"d9d5c2fd5c2abea88293987299f72873198e2d3a","isMergeCommit":false,"messageTitle":"[#12048] Get Courses Action (#12331)","messageBody":"","fileTypesAndContributionMap":{"java":{"insertions":378,"deletions":22}}}]},{"date":"2023-04-27","commitResults":[{"hash":"1847688d781069439376fe1a5057a7b0b2553a47","isMergeCommit":false,"messageTitle":"[#12048] Migrate Delete Student/Students Action (#12241)","messageBody":"","fileTypesAndContributionMap":{"java":{"insertions":716,"deletions":24}}}]},{"date":"2024-02-02","commitResults":[{"hash":"e1d7242eeaa960966da56ff4fc908bde9b78acc8","isMergeCommit":false,"messageTitle":"[#12048] Migrate RemoveDataBundle (#12709)","messageBody":"* Add base changes for delete databundle action\r\n\r\n* Fix referencing error when deleting entities by cascading the deletions\r\n\r\n* Fix lint errors\r\n\r\n* Improve IT\r\n\r\n* Update occurences of remove method from HibernateUtil to use parent\u0027s method\r\n\r\n* Remove comments\r\n\r\n* Add deeper child entities check and remove force OnDelete action from child attribute\r\n\r\n* Update delete sections method to do bulk deletion through MutationQuery\r\n\r\n* Fix lint errors\r\n\r\n* Update delete cascade to use CriteriaDelete for bulk deletion","fileTypesAndContributionMap":{"java":{"insertions":176,"deletions":29}}}]}],"cedricongjh":[{"date":"2023-02-07","commitResults":[{"hash":"afff7a3e2cbcdfc217b8aec6a2d83aed118ef448","isMergeCommit":false,"messageTitle":"[#11853] Add stricter checks for potentially destructive question edits (#12030)","messageBody":"* Add FeedbackSessionPublishStatus enum to instructor session edit page\r\n\r\n* Add session publish status as a check for warning message when editing questions\r\n\r\n* Update snapshot testing for question edit form and session edit page\r\n\r\n---------\r\n\r\nCo-authored-by: wuqirui \u003c53338059+hhdqirui@users.noreply.github.com\u003e","fileTypesAndContributionMap":{"html":{"insertions":2,"deletions":1},"ts":{"insertions":5,"deletions":1}}}]},{"date":"2023-04-08","commitResults":[{"hash":"4a7dd1ca11bd2c4fb42441848452b01692282d5e","isMergeCommit":false,"messageTitle":"[#12048] Create FeedbackQuestion Entity for PostgreSQL Migration (#12093)","messageBody":"","fileTypesAndContributionMap":{"java":{"insertions":389,"deletions":1}}},{"hash":"e7bb996f71b696a1f0cd76adffb489cc3fb6f13d","isMergeCommit":false,"messageTitle":"Create FeedbackResponse and FeedbackResponseComment entities (#12135)","messageBody":"","fileTypesAndContributionMap":{"java":{"insertions":542,"deletions":8}}},{"hash":"c476621b60ad8d381ceddddb056d793a532e6e89","isMergeCommit":false,"messageTitle":"[#12048] Add remaining question and response subtype entities (#12138)","messageBody":"","fileTypesAndContributionMap":{"java":{"insertions":673,"deletions":1}}},{"hash":"6e1d4d66f000c92a8abbe4c101158af94e752e40","isMergeCommit":false,"messageTitle":"[#12048] Create feedback response question comment db and logic layer (#12198)","messageBody":"","fileTypesAndContributionMap":{"java":{"insertions":112,"deletions":0}}},{"hash":"5d1507ee6d0b1e19cd001d6bc79dc4c5ebb26f5d","isMergeCommit":false,"messageTitle":"[#12048] Migrate GetFeedbackQuestionAction (#12208)","messageBody":"","fileTypesAndContributionMap":{"java":{"insertions":798,"deletions":36}}},{"hash":"3d3442eaee5bfc34f95ede6da9a53c1ba6a498f1","isMergeCommit":false,"messageTitle":"Migrate get feedback question recipients action (#12231)","messageBody":"* add get feedback question to logic\r\n\r\n* change getStudentsForTeam to take in team name\r\n\r\n* fix duplicate feedbackQuestion logic in logic\r\n\r\n* create sqlcourseroster\r\n\r\n* add getCourseId to FeedbackQuestion\r\n\r\n* fix sqlcourseroster checkstyle issue\r\n\r\n* create getRecipientsOfQuestion\r\n\r\n* migrate getfeedbackquestionrecipientsaction\r\n\r\n* fix checkstyle issues\r\n\r\n* fix compile error\r\n\r\n* fix failing action test","fileTypesAndContributionMap":{"java":{"insertions":516,"deletions":32}}},{"hash":"45c36f78f71e92e09af4060d1269c78f8647ceb7","isMergeCommit":false,"messageTitle":"[#12048] Migrate get feedback responses action (#12252)","messageBody":"","fileTypesAndContributionMap":{"java":{"insertions":914,"deletions":103}}},{"hash":"be9897efc266c7068d4e691b3133ff63b73b86b7","isMergeCommit":false,"messageTitle":"[#12048] Migrate get feedback response comments action (#12296)","messageBody":"* migrate-get-feedback-response-comments-action\r\n\r\n* implement integration test for getFeedbackResponseCommentAction\r\n\r\n---------\r\n\r\nCo-authored-by: wuqirui \u003c53338059+hhdqirui@users.noreply.github.com\u003e","fileTypesAndContributionMap":{"java":{"insertions":207,"deletions":17}}},{"hash":"adf266440c23b46a2d6ac4358fabc35e5f1059d4","isMergeCommit":false,"messageTitle":"[#12048] Migrate get has responses action (#12294)","messageBody":"* add get feedback question to logic\r\n\r\n* fix duplicate feedbackQuestion logic in logic\r\n\r\n* add get feedbackresponses details copy to feedbackresponse entities\r\n\r\n* add getFeedbackResponses from student and instructor methods\r\n\r\n* add response comments to data bundle\r\n\r\n* migrate get feedback responses action\r\n\r\n* update get feedback responses action test\r\n\r\n* fix checkstyle issues\r\n\r\n* remove id from data bundle response comment\r\n\r\n* fix persistance error for feedback response comment\r\n\r\n* check courseId in action\r\n\r\n* migrate access control for GetHasResponsesAction\r\n\r\n* add getFeedbackSessionsForCourse to sql logic\r\n\r\n* create sessionHasQuestionForStudent\r\n\r\n* create sessionHasQuestionsForGiverType\r\n\r\n* create hasGiverRespondedForSession\r\n\r\n* create isFeedbackSessionAttemptedByStudent\r\n\r\n* create areThereResponsesForQuestion\r\n\r\n* create hasResponsesForCourse\r\n\r\n* migrate GetHasResponsesAction\r\n\r\n* add unit tests for db methods\r\n\r\n* fix checkstyle issues\r\n\r\n* change javadoc\r\n\r\n* fix failing unit tests\r\n\r\n* fix pmdMain issues\r\n\r\n* add simple integration test for getHasResponsesAction\r\n\r\n* add get feedback question to logic\r\n\r\n* fix duplicate feedbackQuestion logic in logic\r\n\r\n* add get feedbackresponses details copy to feedbackresponse entities\r\n\r\n* add getFeedbackResponses from student and instructor methods\r\n\r\n* add response comments to data bundle\r\n\r\n* migrate get feedback responses action\r\n\r\n* update get feedback responses action test\r\n\r\n* fix checkstyle issues\r\n\r\n* remove id from data bundle response comment\r\n\r\n* fix persistance error for feedback response comment\r\n\r\n* check courseId in action\r\n\r\n* migrate access control for GetHasResponsesAction\r\n\r\n* add getFeedbackSessionsForCourse to sql logic\r\n\r\n* create sessionHasQuestionForStudent\r\n\r\n* create sessionHasQuestionsForGiverType\r\n\r\n* create hasGiverRespondedForSession\r\n\r\n* create areThereResponsesForQuestion\r\n\r\n* create hasResponsesForCourse\r\n\r\n* migrate GetHasResponsesAction\r\n\r\n* add unit tests for db methods\r\n\r\n* fix checkstyle issues\r\n\r\n* change javadoc\r\n\r\n* fix failing unit tests\r\n\r\n* fix pmdMain issues\r\n\r\n* add simple integration test for getHasResponsesAction\r\n\r\n* fix checkstyle issue\r\n\r\n* fix unit test for hasResponsesFromGiverInSession\r\n\r\n* fix checkstyle issue","fileTypesAndContributionMap":{"java":{"insertions":439,"deletions":34}}},{"hash":"c24705f9e31c80f11e0ef6de913cc664640ac383","isMergeCommit":false,"messageTitle":"#[12048] Migrate update feedback response comment action (#12319)","messageBody":"* add verifySessionOpenExceptForModeration\r\n\r\n* add getCopyForUser in feedbackSession\r\n\r\n* add updateFeedbackResponseComment in FeedbackResponseCommentsLogic\r\n\r\n* add getFeedbackResponseComment and updateFeedbackResponseComment in Logic\r\n\r\n* migrate update feedback response comment action\r\n\r\n* create IT for UpdateFeedbackResponseCommentAction\r\n\r\n* set deadline extensions and updatedAt for feedback sessions copy","fileTypesAndContributionMap":{"java":{"insertions":333,"deletions":47}}},{"hash":"e53478fbdf3fa591deb0fbb2bab0e9fd5af6aba1","isMergeCommit":false,"messageTitle":"[#12048] Migrate delete feedback response comment action (#12328)","messageBody":"* add getFeedbackResponseComment and deleteFeedbackResponseComment to logic\r\n\r\n* add verifySessionOpenExceptForModeration\r\n\r\n* add getCopyForUser in FeedbackSession\r\n\r\n* migrate DeleteFeedbackResponseCommentAction\r\n\r\n* add DeleteFeedbackResponseCommentAction it\r\n\r\n* fix logic for deleting frc\r\n\r\n* set deadline extensions and updatedAt for feedback sessions copy\r\n\r\n* remove extra fields in data bundle\r\n\r\n* change deletefrc to take in id","fileTypesAndContributionMap":{"java":{"insertions":204,"deletions":22}}},{"hash":"76a7e1a9a95aefdb5752b7c0aa20d54ec4005a71","isMergeCommit":false,"messageTitle":"[#12048] Migrate create feedback response comment action (#12311)","messageBody":"* add get feedbackresponse to logic layer\r\n\r\n* add validQuestionForCommentInSubmission, verifyResponseOwnerShipForInstructor and verifyResponseOwnerShipForStudent\r\n\r\n* add verifySessionOpenExceptForModeration\r\n\r\n* create getuuidfrom string method\r\n\r\n* add getCopyForUser in feedbackSession\r\n\r\n* add createFeedbackResponseComment to logic\r\n\r\n* handle possible null createdAt and updatedAt for feedbackresponsecomment\r\n\r\n* update questionDetails to be of type text\r\n\r\n* migrate create feedback response comment action\r\n\r\n* implement IT for create feedback resposne comment action\r\n\r\n* fix checkstyle issue\r\n\r\n* flush session upon create feedback response comment action\r\n\r\n* move perist session to entitiesDb\r\n\r\n* change column defintion for feedbackQuestionTypes\r\n\r\n* set deadline extensions and updatedAt for feedback sessions copy\r\n\r\n* remove extra fields in data bundle\r\n\r\n* remove flush sessions from entities db\r\n\r\n* add null check for createdAt and updatedAt in frcData\r\n\r\n* flush session in create frc action\r\n\r\n* throw invalid operation exception when updating frc that doesnt exist\r\n\r\n---------\r\n\r\nCo-authored-by: wuqirui \u003c53338059+hhdqirui@users.noreply.github.com\u003e","fileTypesAndContributionMap":{"java":{"insertions":373,"deletions":75}}}]},{"date":"2024-02-01","commitResults":[{"hash":"ea1bd1f7cdd22ccea15ec02167bc1440aee08695","isMergeCommit":false,"messageTitle":"fix update and create feedbackquestion action (#12716)","messageBody":"","fileTypesAndContributionMap":{"java":{"insertions":43,"deletions":5}}}]},{"date":"2024-02-14","commitResults":[{"hash":"363a635d0c6bc0c1f8300cf40b3574e0e9dda7d5","isMergeCommit":false,"messageTitle":"[#12048] Finish partial testcases (#12742)","messageBody":"* complete unit tests for AccountRequestsDb\r\n\r\n* rename test cases in AccountRequestsDbTest to follow rest of tests\r\n\r\n* finish up unit tests for coursesDb\r\n\r\n* finish up unit tests for usersDb","fileTypesAndContributionMap":{"java":{"insertions":270,"deletions":5}}},{"hash":"98778d1366fc6c7508455dcfbb176e61f01a1f57","isMergeCommit":false,"messageTitle":"[#12048] Move getTypicalEntity functions to BaseTestCase (#12744)","messageBody":"* Move getTypicalEntity functions to BaseTestCase\r\n\r\n* fix failing tests\r\n\r\n* add comment and change over logic tests to use getTypicalX methods","fileTypesAndContributionMap":{"java":{"insertions":107,"deletions":203}}}]},{"date":"2024-02-18","commitResults":[{"hash":"2bd0ae87f5671904a740b41a825be9ecd0558930","isMergeCommit":false,"messageTitle":"[#12048] Remove typical data bundle from feedbackquestionlogic test (#12750)","messageBody":"* Remove typical data bundle from FeedbackQuestionsLogicTest\r\n\r\n* fix lint\r\n\r\n* abstract out creation of questionlist","fileTypesAndContributionMap":{"java":{"insertions":151,"deletions":77}}}]},{"date":"2024-02-19","commitResults":[{"hash":"20712f5a96f3c76bd6d65ca5ee3e3bf55e9d3742","isMergeCommit":false,"messageTitle":"Add test for getUsageStatisticsForTimeRange (#12748)","messageBody":"","fileTypesAndContributionMap":{"java":{"insertions":30,"deletions":0}}}]}],"jasonqiu212":[{"date":"2023-03-25","commitResults":[{"hash":"b4c9e87b9a20c7a6b41ec81a24a3408456f4f689","isMergeCommit":false,"messageTitle":"[#12081] User-friendliness: Make header dropdowns focusable (#12105)","messageBody":"* Make dropdowns in menu bar focusable\r\n\r\n* Fix unequal margins in dropdown list in menu bar\r\n\r\n* Fix lint","fileTypesAndContributionMap":{"scss":{"insertions":1,"deletions":0},"html":{"insertions":3,"deletions":3}}},{"hash":"024351c36efe58469da5d04a721b071209fde67d","isMergeCommit":false,"messageTitle":"[#12081] User-friendliness: Landmark questions in feedback sessions results page (#12129)","messageBody":"* Make [more] button in feedback sessions result page focusable\r\n\r\n* Use headings for question number in feedback sessions result page\r\n\r\n* Edit snapshot tests\r\n\r\n* Change h3 to h2 tag and remove \u003cb\u003e tags\r\n\r\n* Change additional info from link to button","fileTypesAndContributionMap":{"java":{"insertions":1,"deletions":1},"scss":{"insertions":6,"deletions":0},"html":{"insertions":8,"deletions":8},"ts":{"insertions":1,"deletions":1}}},{"hash":"f3be41300e4fd8abb073e4d875c263aad4e7b72a","isMergeCommit":false,"messageTitle":"[#12081] User-friendliness: Fix evaluee/recipient mobile text wrap (#12139)","messageBody":"* Fix mobile text wrap for evaluee/recipient\n\n* Align Evaluee/Recipient to left\n\n* Fix lint\n","fileTypesAndContributionMap":{"scss":{"insertions":0,"deletions":12},"html":{"insertions":93,"deletions":95}}},{"hash":"d04293a268ce3aea4d089d52123cddc3ad69f35d","isMergeCommit":false,"messageTitle":"[#12081] Add labels for MCQ questions (#12147)","messageBody":"","fileTypesAndContributionMap":{"html":{"insertions":2,"deletions":1}}},{"hash":"8214b9f2ca695bd16fd1986f0cc45b1d0e1fd7f4","isMergeCommit":false,"messageTitle":"[#12081] Add labels for numerical scale questions (#12148)","messageBody":"","fileTypesAndContributionMap":{"html":{"insertions":2,"deletions":1}}},{"hash":"fcc9805997ebc1b7b615badb56359554b3b54dae","isMergeCommit":false,"messageTitle":"[#12081] User-friendliness: Add labels for distribute points by recipient questions (#12150)","messageBody":"* Add labels for distribute points by recipient questions\r\n\r\n* Fix dropdown for questions with constraints\r\n\r\n* Make method name for toggling question submission form dropdown more specific","fileTypesAndContributionMap":{"html":{"insertions":6,"deletions":3},"ts":{"insertions":2,"deletions":1}}},{"hash":"bfb59900beb4d8926cdaa9542731e16f9ead567e","isMergeCommit":false,"messageTitle":"[#12081] User-friendliness: Add labels to rank options questions (#12172)","messageBody":"* Add labels to rank options questions\r\n\r\n* Add grouping by recipients\r\n\r\n* Add empty space at end of file","fileTypesAndContributionMap":{"html":{"insertions":25,"deletions":21},"ts":{"insertions":5,"deletions":0}}},{"hash":"8f00fa30051c167c1fddf31ca776660afe7a5403","isMergeCommit":false,"messageTitle":"[#12081] User-friendliness: Add labels to rubric questions (#12155)","messageBody":"* Add labels and groups to rubric questions\r\n\r\n* Fix lint\r\n\r\n* Fix tests\r\n\r\n* Fix labels for tables with two headers\r\n\r\n* Remove redundant dash for choices without description\r\n\r\n* Add e2e tests for table row and column headers","fileTypesAndContributionMap":{"java":{"insertions":54,"deletions":14},"html":{"insertions":26,"deletions":11},"ts":{"insertions":10,"deletions":0}}},{"hash":"30b3864c846fdf9589e477135a69e2a28e3b5702","isMergeCommit":false,"messageTitle":"[#12081] Modify header of card to display content in column for mobile (#12197)","messageBody":"","fileTypesAndContributionMap":{"scss":{"insertions":0,"deletions":8},"html":{"insertions":7,"deletions":7}}},{"hash":"5d6351e924a33d1754544e5402d5ffb0bea1d7cb","isMergeCommit":false,"messageTitle":"[#12081] User-friendliness: Make rubric question response table mobile responsive (#12201)","messageBody":"* Make rubric question response table mobile responsive\r\n\r\n* Add selected aria-label for response rubric question table","fileTypesAndContributionMap":{"html":{"insertions":2,"deletions":2}}},{"hash":"27c550769f446892c542c368633307c1c9b2bd03","isMergeCommit":false,"messageTitle":"[#12081] Create unique id for rubric table cell (#12205)","messageBody":"","fileTypesAndContributionMap":{"html":{"insertions":9,"deletions":8},"ts":{"insertions":4,"deletions":0}}},{"hash":"ca1b9bd18bf49914da71ac04cde9c85c4115c4d1","isMergeCommit":false,"messageTitle":"[#12081] Minimise modal margin for mobile (#12225)","messageBody":"","fileTypesAndContributionMap":{"scss":{"insertions":11,"deletions":5}}},{"hash":"4bba773a596af41e82920b80c47ecc8c1b9a9cbd","isMergeCommit":false,"messageTitle":"[#12081] Modify question headers for instructor  (#12228)","messageBody":"* Modify question headers in instructor edit sessions page\r\n\r\n* Fix tests\r\n\r\n* Fix e2e tests","fileTypesAndContributionMap":{"java":{"insertions":1,"deletions":2},"scss":{"insertions":5,"deletions":0},"html":{"insertions":12,"deletions":10}}}]},{"date":"2023-03-27","commitResults":[{"hash":"7c1edfbc077e7a9a88a6422b1b03ed3638a7f1e9","isMergeCommit":false,"messageTitle":"[#12081] Wrap buttons vertically in mobile for instructor edit sessions page (#12260)","messageBody":"","fileTypesAndContributionMap":{"html":{"insertions":51,"deletions":49}}}]},{"date":"2023-03-28","commitResults":[{"hash":"20a87821888b463b7e81b02c2c6196ad2650db59","isMergeCommit":false,"messageTitle":"[#12081] Fix rubric question overflow for instructors edit session page (#12263)","messageBody":"","fileTypesAndContributionMap":{"java":{"insertions":2,"deletions":1},"scss":{"insertions":4,"deletions":0},"html":{"insertions":62,"deletions":58}}}]},{"date":"2023-03-30","commitResults":[{"hash":"050daa7649245701ab2f97604bd0d3012be8e4fa","isMergeCommit":false,"messageTitle":"[#12081] Fix rank recipients question mobile spacing (#12299)","messageBody":"* Add label to rank recipients question inputs\r\n\r\n* Fix rank recipients question mobile spacing\r\n\r\n* Use bootstrap padding\r\n\r\n* Change label id names","fileTypesAndContributionMap":{"scss":{"insertions":0,"deletions":3},"html":{"insertions":9,"deletions":9}}}]},{"date":"2023-03-31","commitResults":[{"hash":"15d158db30e18e8fc5ae590915eaa1453a233057","isMergeCommit":false,"messageTitle":"[#12081] Fix rank options question on instructor edit session page (#12306)","messageBody":"* Add labels to rank options field\r\n\r\n* Fix rank options question\r\n\r\n* Remove redundant css\r\n\r\n* Remove redundant row css\r\n\r\n* Fix lint","fileTypesAndContributionMap":{"scss":{"insertions":0,"deletions":17},"html":{"insertions":38,"deletions":40}}}]},{"date":"2024-01-26","commitResults":[{"hash":"9f5ff7d918671f0e0b6409de97ac688c8d195305","isMergeCommit":false,"messageTitle":"[#12048] Migrate SearchInstructorsAction (#12340)","messageBody":"","fileTypesAndContributionMap":{"java":{"insertions":1100,"deletions":66}}}]}],"weiquu":[{"date":"2023-02-28","commitResults":[{"hash":"7e3ba925ec86f186deb4bdc611a24d449db51815","isMergeCommit":false,"messageTitle":"[#12145] Resolve width issue for num scale question (#12146)","messageBody":"","fileTypesAndContributionMap":{"html":{"insertions":1,"deletions":1}}}]},{"date":"2023-03-25","commitResults":[{"hash":"6e8454e9f5d94e28d4cd451733143f43ac35e872","isMergeCommit":false,"messageTitle":"[#12081] User-friendliness: Fix margins on mobile (#12096)","messageBody":"* Redo all changes over the last few days\n\n* Missed out a few changes\n\n* Resolve comments\n\n* Update tests\n","fileTypesAndContributionMap":{"scss":{"insertions":51,"deletions":3},"html":{"insertions":210,"deletions":212}}},{"hash":"c3105d59bb6f5a7e10b2b66c35fe55da0d5cfad8","isMergeCommit":false,"messageTitle":"[#12081] Landmark questions in submit feedback page (#12104)","messageBody":"* Landmark questions by making them headings\n\n* Update tests\n\n* Make questions collapsible\n\n* Make question cards interactable\n\n* Resolve comments\n\n* Fix E2E issues\n\n* Fix lint issues\n\n* typo\n\n* lint again\n","fileTypesAndContributionMap":{"scss":{"insertions":11,"deletions":0},"html":{"insertions":183,"deletions":178},"ts":{"insertions":29,"deletions":0}}},{"hash":"b02a6f82657254779c2b483fc3fd08646d95e46f","isMergeCommit":false,"messageTitle":"[#12081] User-friendliness: Add label to text input for essay questions (#12140)","messageBody":"* Add labels for text question responses\r\n\r\n* Another merge conflict","fileTypesAndContributionMap":{"html":{"insertions":3,"deletions":2},"ts":{"insertions":14,"deletions":1}}},{"hash":"2ad061b3c37756a072529e5407502750af141f82","isMergeCommit":false,"messageTitle":"[#12081] User-friendliness: Add labels for MSQ checkboxes (#12144)","messageBody":"* Add labels for MSQ checkboxes\r\n\r\n* Shift to question edit form","fileTypesAndContributionMap":{"html":{"insertions":2,"deletions":1},"ts":{"insertions":14,"deletions":14}}},{"hash":"82821025537c143e1d6a8096f2c8dfd4a28d59d2","isMergeCommit":false,"messageTitle":"[#12081] Add labels and groups to distribute points (options) (#12149)","messageBody":"","fileTypesAndContributionMap":{"html":{"insertions":43,"deletions":39},"ts":{"insertions":5,"deletions":0}}},{"hash":"1973b8bbe675ad1b353492dc55adf0ec40316e6d","isMergeCommit":false,"messageTitle":"[#12081] User-friendliness: Add labels and change \"more info\" button for team contribution questions (#12153)","messageBody":"* Add labels and change button\n\n* Update tests\n","fileTypesAndContributionMap":{"html":{"insertions":14,"deletions":18},"ts":{"insertions":11,"deletions":13}}},{"hash":"2893e3994c916221191e351d3470d33d249c7f1e","isMergeCommit":false,"messageTitle":"[#12081] User-friendliness: Add label to rank recipients question (#12167)","messageBody":"* Add label to rank recipients question\r\n\r\n* Update tests","fileTypesAndContributionMap":{"html":{"insertions":4,"deletions":2}}},{"hash":"d3e4117b59fd9a5c0290849111d4c43684524d31","isMergeCommit":false,"messageTitle":"[#12081] User-friendliness: Fix numerical scale question table in view responses page (#12174)","messageBody":"* Fix summary header tables on mobile\r\n\r\n* Temp solution to tables\r\n\r\n* Make table headers interactive\r\n\r\n* Lint and tests\r\n\r\n* Fix table button\r\n\r\n* Split into 2 cases","fileTypesAndContributionMap":{"scss":{"insertions":19,"deletions":0},"html":{"insertions":12,"deletions":8},"ts":{"insertions":7,"deletions":0}}},{"hash":"29706fe92d9f975ec7465f2c78413f4ad89a0508","isMergeCommit":false,"messageTitle":"[#12081] Fix dropdown caret overlap (#12179)","messageBody":"","fileTypesAndContributionMap":{"scss":{"insertions":4,"deletions":0},"html":{"insertions":1,"deletions":1}}},{"hash":"3d652687e52e985036e510c0dcf1611c8f5f883e","isMergeCommit":false,"messageTitle":"[#12081] Change text colour (#12200)","messageBody":"","fileTypesAndContributionMap":{"html":{"insertions":1,"deletions":1}}},{"hash":"66b089ac82cb748beb4d05a917d5558a630e5a9a","isMergeCommit":false,"messageTitle":"[#12081] User-friendliness: Fix feedback path dropdown (#12207)","messageBody":"* Shift submenu to bottom\r\n\r\n* Clean up code\r\n\r\n* Change to buttons for accessibility and update chevron\r\n\r\n* Fix screenreader focus\r\n\r\n* Lint and test\r\n\r\n* Fix mobile overflow\r\n\r\n* Fix lint issues\r\n\r\n* Remove aria-label and update tests\r\n\r\n* Fix attempt for E2E tests\r\n\r\n* Update tests\r\n\r\n* Refine E2E change","fileTypesAndContributionMap":{"java":{"insertions":1,"deletions":1},"scss":{"insertions":7,"deletions":0},"html":{"insertions":18,"deletions":11},"ts":{"insertions":18,"deletions":0}}},{"hash":"69ff0004fa260c79f00601b8e60ba43a275d74e8","isMergeCommit":false,"messageTitle":"[#12081] User-friendliness: Fix custom visibility options (#12209)","messageBody":"* Fix custom visibility options\r\n\r\n* Lint and tests\r\n\r\n* Add more labels and update tests\r\n\r\n* Fix attempt for E2E tests\r\n\r\n* Refine aria label function logic\r\n\r\n* Fix lint issues\r\n\r\n* E2E issues\r\n\r\n* E2E fix","fileTypesAndContributionMap":{"java":{"insertions":1,"deletions":1},"scss":{"insertions":7,"deletions":0},"html":{"insertions":10,"deletions":6},"ts":{"insertions":20,"deletions":0}}},{"hash":"5e903e80e372152b022a9cb3c1b5e3442fb40617","isMergeCommit":false,"messageTitle":"[#12081] User-friendliness: Fix screen reader issue for question description (#12219)","messageBody":"* Fix screen reader issue\r\n\r\n* Test and lint","fileTypesAndContributionMap":{"scss":{"insertions":7,"deletions":0},"html":{"insertions":4,"deletions":1}}},{"hash":"cc4d5789f7d5a0d98b6deaddcb05a5c59c39c7fd","isMergeCommit":false,"messageTitle":"[#12081] User-friendliness: Add labels to input for essay question (instructor edit sessions page) (#12220)","messageBody":"* Add labels\r\n\r\n* update tests\r\n\r\n* add label\r\n\r\n* update tests","fileTypesAndContributionMap":{"html":{"insertions":9,"deletions":8}}},{"hash":"17a72d181524e1af658f402aeef928fd8a4a963d","isMergeCommit":false,"messageTitle":"[#12081] User-friendliness: Fix instructor edit sessions page MCQ and MSQ (#12236)","messageBody":"* update mcq to look like msq\r\n\r\n* attempt 1\r\n\r\n* Fix MCQ question\r\n\r\n* MSQ\r\n\r\n* Fix margins and aria-hidden\r\n\r\n* labels\r\n\r\n* update tests\r\n\r\n* Labels\r\n\r\n* Tests\r\n\r\n* Remove extra br and tabindex\r\n\r\n* update tests","fileTypesAndContributionMap":{"scss":{"insertions":0,"deletions":8},"html":{"insertions":131,"deletions":133}}},{"hash":"4f028bccd628f35d80c39581a2fa6e69ef8afa35","isMergeCommit":false,"messageTitle":"[#12081] User-friendliness: Change feedback path dropdowns to column format on mobile (#12250)","messageBody":"* Change dropdowns to col format on mobile\r\n\r\n* Update tests","fileTypesAndContributionMap":{"html":{"insertions":2,"deletions":2}}}]},{"date":"2023-03-26","commitResults":[{"hash":"a0560e5f3d02d0575ace11190441c7c222af852c","isMergeCommit":false,"messageTitle":"[#12081] User-friendliness: Add labels to instructor edit sessions page questions (#12254)","messageBody":"","fileTypesAndContributionMap":{"html":{"insertions":21,"deletions":21}}},{"hash":"171d5a18ec966bce6ec2b8a6273218faeba0b3fc","isMergeCommit":false,"messageTitle":"[#12081] User-friendliness: Fix visibility dropdown overflow (#12251)","messageBody":"* Fix visibility dropdown overflow\r\n\r\n* Update tests\r\n\r\n---------\r\n\r\nCo-authored-by: Zhao Jingjing \u003c54243224+zhaojj2209@users.noreply.github.com\u003e","fileTypesAndContributionMap":{"html":{"insertions":2,"deletions":2}}}]},{"date":"2023-03-27","commitResults":[{"hash":"23ebdf1e24a9bc1e40cf7a2ae51f1f517dcb3425","isMergeCommit":false,"messageTitle":"[#12081] User-friendliness: Fix distribute points options question (#12266)","messageBody":"","fileTypesAndContributionMap":{"html":{"insertions":81,"deletions":68}}}]},{"date":"2023-04-01","commitResults":[{"hash":"7b315223cc2d3b681d219283389c7f675574ea56","isMergeCommit":false,"messageTitle":"[#12081] User-friendliness: Fix all remaining sortable table headers (#12325)","messageBody":"* extension confirm modal component\r\n\r\n* per question view responses component\r\n\r\n* sessions recycle bin table component\r\n\r\n* sessions table component\r\n\r\n* student list component\r\n\r\n* notifications table component\r\n\r\n* copy instructors from other courses modal component\r\n\r\n* instructor courses page component\r\n\r\n* copy questions from other sessions modal component\r\n\r\n* instructor session individual extension page component\r\n\r\n* update tests","fileTypesAndContributionMap":{"scss":{"insertions":198,"deletions":1},"html":{"insertions":565,"deletions":451},"ts":{"insertions":98,"deletions":0}}}]},{"date":"2023-04-08","commitResults":[{"hash":"809b70766c76dcd02cabf98a23d135f1251a9fb6","isMergeCommit":false,"messageTitle":"[#12048] Migrate RegenerateInstructorKeyAction (#12341)","messageBody":"","fileTypesAndContributionMap":{"java":{"insertions":216,"deletions":12}}},{"hash":"f1cfcdf474580d0d6f8d6ffb5e6cd59a77f586b0","isMergeCommit":false,"messageTitle":"[#12048] Migrate RegenerateStudentKeyAction (#12350)","messageBody":"","fileTypesAndContributionMap":{"java":{"insertions":223,"deletions":9}}}]},{"date":"2023-04-10","commitResults":[{"hash":"b7b1253ebf6cfb8dbb349920a4d2071d860f0483","isMergeCommit":false,"messageTitle":"[#12048] Migrate GetRegkeyValidityAction (#12357)","messageBody":"","fileTypesAndContributionMap":{"java":{"insertions":272,"deletions":6}}}]},{"date":"2024-02-09","commitResults":[{"hash":"d9300a24feae40064fc8e539c9a301283904c51b","isMergeCommit":false,"messageTitle":"[#12048] Support for twin db for search + replace datastore test (#12728)","messageBody":"* run both solr searches\r\n\r\n* restore datastore test\r\n\r\n* cover case where migrated but still in datastore\r\n\r\n* lint\r\n\r\n* better duplicate check\r\n\r\n---------\r\n\r\nCo-authored-by: Dominic Lim \u003c46486515+domlimm@users.noreply.github.com\u003e","fileTypesAndContributionMap":{"java":{"insertions":220,"deletions":0}}}]}],"EuniceSim142":[{"date":"2023-04-08","commitResults":[{"hash":"9dc344b8c42040cfaf4ed7248396e50dd11700e5","isMergeCommit":false,"messageTitle":"[#12048] Migrate deadline extension entity db (#12127)","messageBody":"","fileTypesAndContributionMap":{"java":{"insertions":280,"deletions":9}}},{"hash":"d498a38b5fb2d596dd4abede46aca663541222f4","isMergeCommit":false,"messageTitle":"[#12048] Migrate email generator (#12175)","messageBody":"","fileTypesAndContributionMap":{"java":{"insertions":1783,"deletions":74}}},{"hash":"6c6a82fe3ca3150c74ba7ddb01be817dd22f005d","isMergeCommit":false,"messageTitle":"[#12048] Migrate Course Action classes (#12092)","messageBody":"* [#12048] Set up github action workflows\r\n\r\n* [#12048] v9: Skeleton implementation (#12056)\r\n\r\n* [#12048] Add isMigrated flag to course (#12063)\r\n\r\n* [#12048] Add is migrated flag to datastore account (#12070)\r\n\r\n* Temporarily disable liquibase migrations\r\n\r\n* [#12048] Create Notification Entity for PostgreSQL migration (#12061)\r\n\r\n* [#12048] Create notification DB layer for v9 migration (#12075)\r\n\r\n* [#12048] Add UsageStatistics entity and db (#12076)\r\n\r\n* Migrate GetCourseAction.java\r\n\r\n* Migrate DeleteCourseAction.java and relevant logic functions\r\n\r\n* Migrate BinCourseAction.java and its related logic functions\r\n\r\n* Update checkSpecificAccessControl functions in BinCourseAction and DeleteCourseAction classes\r\n\r\n* Migrate RestoreCourseAction and its related logic functions\r\n\r\n* Migrate UpdateCourseAction with its related logic functions\r\n\r\n* [#12048] Add Account Entity (#12087)\r\n\r\n* [#12048] Create SQL logic for CreateNotificationAction and add relevant tests for v9 migration (#12077)\r\n\r\n* [#12048] Create Student, Instructor and User Entities for PostgreSQL Migration (#12071)\r\n\r\n* [#12048] V9: Cleanup and refactor (#12090)\r\n\r\n* Edit GetCourseAction and refactor out the old datastore code\r\n\r\n* [#12048] Remove redundant InstructorRole Enum (#12091)\r\n\r\n* Fix compilation error\r\n\r\n* Update check for database to fetch from\r\n\r\n* Add unit tests for CoursesDb\r\n\r\n* [#12048] Update GetUsageStatisticsAction to include SQL entities (#12084)\r\n\r\n* Add CoursesLogicTest class\r\n\r\n* Disable failing tests\r\n\r\n* Fix compilation error\r\n\r\n* Fix Checkstyle errors\r\n\r\n* Merge branch\r\n\r\n* Change flow for updating courses.\r\n\r\n* Update updateCourse JavaDoc comment.\r\n\r\n* Update CreateCourseAction and related methods\r\n\r\n* Update GetCourseAction.\r\n\r\n* Update UpdateCourseAction\r\n\r\n* Update BinCourseAction and RestoreCourseAction\r\n\r\n* Update DeleteCourseAction\r\n\r\n* Migrate GetCourseSectionNamesAction and related methods.\r\n\r\n* Add Unit tests for Logic layer of Course.\r\n\r\n* Fix Checkstyle errors\r\n\r\n* Add unit test for GetCourseAction\u0027s execute function\r\n\r\n* Add verify for CoursesDb unit tests and use assertNull and assertNotNull\r\n\r\n* Move fetching of course to logic layer.\r\n\r\n* Fix Checkstyle errors.\r\n\r\n* Move canCreateCourse logic to logic layer.\r\n\r\n* Change *CourseAction classes to use isCourseMigrated\r\n\r\n* Fix CoursesLogic\u0027s initLogicDependencies method call\r\n\r\n* Add unit tests for GetCourseAction.\r\n\r\n* Remove commented out method.\r\n\r\n* Add minimal unit tests for BinCourseAction, DeleteCourseAction and RestoreCourseAction.\r\n\r\n* Add minimal unit tests for GetCourseSectionAction and UpdateCourseAction.\r\n\r\n* Remove unused EntityType parameter.\r\n\r\n* Add minimal unit tests for CreateCourseAction.\r\n\r\n* Fix Checkstyle errors.\r\n\r\n* Ignore all old datastore test cases for *CourseAction classes.\r\n\r\n* Fix \u0027text\u0027 type to \u0027test\u0027.\r\n\r\n* Change binCourseToRecycleBin to return the binned course.\r\n\r\n* Update moveCourseToRecycleBin test.\r\n\r\n* Update test name.\r\n\r\n---------\r\n\r\nCo-authored-by: Samuel Fang \u003csamuelfangjw@gmail.com\u003e\r\nCo-authored-by: dao ngoc hieu \u003c53283766+daongochieu2810@users.noreply.github.com\u003e\r\nCo-authored-by: Samuel Fang \u003c60355570+samuelfangjw@users.noreply.github.com\u003e\r\nCo-authored-by: wuqirui \u003c53338059+hhdqirui@users.noreply.github.com\u003e\r\nCo-authored-by: Dominic Lim \u003c46486515+domlimm@users.noreply.github.com\u003e","fileTypesAndContributionMap":{"java":{"insertions":1647,"deletions":71}}},{"hash":"e86575f254ada1167803dd747e2f91b9aadb7ddf","isMergeCommit":false,"messageTitle":"[#12048] Migrate *JoinEmailWorkerAction classes (#12229)","messageBody":"","fileTypesAndContributionMap":{"java":{"insertions":378,"deletions":17}}},{"hash":"95b077652b4439bf7ac4fd3ca9407c09c8430866","isMergeCommit":false,"messageTitle":"[#12048] Migrate *EmailAction classes. (#12300)","messageBody":"","fileTypesAndContributionMap":{"java":{"insertions":558,"deletions":15}}},{"hash":"cfaf9c39e475a736f7ed988e2e4bbc9082ff4b57","isMergeCommit":false,"messageTitle":"[#12048] Migrate Feedback Session remind-related email worker actions (#12246)","messageBody":"","fileTypesAndContributionMap":{"java":{"insertions":614,"deletions":23}}},{"hash":"d8ff7c29de7c428cea5df8260b08f62453242f6c","isMergeCommit":false,"messageTitle":"[#12048] Migrate Feedback Session publish-related email worker actions. (#12244)","messageBody":"","fileTypesAndContributionMap":{"java":{"insertions":692,"deletions":29}}}]},{"date":"2023-05-22","commitResults":[{"hash":"566a36b02e65abd7f2160c1b43378905150746f1","isMergeCommit":false,"messageTitle":"[#12048] Restore sent*email fields (#12365)","messageBody":"","fileTypesAndContributionMap":{"java":{"insertions":138,"deletions":3}}}]},{"date":"2024-02-20","commitResults":[{"hash":"31e44fa357ae7e49ce58858623cdf92e398191d4","isMergeCommit":false,"messageTitle":"[#12048] Migrate FeedbackSessionOpeningSoonRemindersAction (#12740)","messageBody":"* update logic\r\n\r\n* add it test for action\r\n\r\n* fix checkstyle errors","fileTypesAndContributionMap":{"java":{"insertions":237,"deletions":3}}},{"hash":"9744f68a21b5f2ab24b5f650f3a20ff07cad6b21","isMergeCommit":false,"messageTitle":"[#12048] Migrate FeedbackSessionClosingRemindersAction (#12743)","messageBody":"* update action logic\r\n\r\n* add it test and fix email-gen logic\r\n\r\n* fix checkstyle errors\r\n\r\n* minor fix 1\r\n\r\n* add missing migrated check\r\n\r\n* fix checkstyle\r\n\r\n* fix checkstyle","fileTypesAndContributionMap":{"java":{"insertions":410,"deletions":8}}},{"hash":"2eec90c1e17e7122b99270ceca24df48b954caeb","isMergeCommit":false,"messageTitle":"[#12048] Migrate FeedbackSessionClosedRemindersAction (#12738)","messageBody":"* update logic\r\n\r\n* add sql it test\r\n\r\n* fix linting errors\r\n\r\n* fix isClosed logic\r\n\r\n* fix checkstyle errors\r\n\r\n* implement code changes from pr review\r\n\r\n* fix checkstyle\r\n\r\n* fix checkstyle","fileTypesAndContributionMap":{"java":{"insertions":181,"deletions":4}}},{"hash":"5d11d27e041fead58098774890b3c001b49307b4","isMergeCommit":false,"messageTitle":"[#12048] Migrate feedbackSessionPublishedRemindersAction (#12741)","messageBody":"* update action logic\r\n\r\n* add it for action\r\n\r\n* fix checkstyle errors\r\n\r\n* fix minor code changes\r\n\r\n* fix checkstyles","fileTypesAndContributionMap":{"java":{"insertions":219,"deletions":3}}}]}],"hhdqirui":[{"date":"2023-01-21","commitResults":[{"hash":"695f2bde922e9cd507cc2532b40779de7e536d1f","isMergeCommit":false,"messageTitle":"[#12029] Fix team members cannot see responses received by team issue and add relevant tests (#12032)","messageBody":"","fileTypesAndContributionMap":{"java":{"insertions":70,"deletions":5}}}]},{"date":"2023-04-08","commitResults":[{"hash":"a510f0e3ec40625f97709367a062999815544433","isMergeCommit":false,"messageTitle":"[#12048] Create Notification Entity for PostgreSQL migration (#12061)","messageBody":"","fileTypesAndContributionMap":{"java":{"insertions":264,"deletions":0}}},{"hash":"548b2fc3136a9d34c868a2739b3fea4c349495be","isMergeCommit":false,"messageTitle":"[#12048] Create notification DB layer for v9 migration (#12075)","messageBody":"","fileTypesAndContributionMap":{"java":{"insertions":92,"deletions":3}}},{"hash":"69d2f71406746d075be7e58956c004e6c2ddb025","isMergeCommit":false,"messageTitle":"[#12048] Create SQL logic for CreateNotificationAction and add relevant tests for v9 migration (#12077)","messageBody":"","fileTypesAndContributionMap":{"java":{"insertions":250,"deletions":14}}},{"hash":"50cd734a58f66706a6e4dee8100dcf376b3d0549","isMergeCommit":false,"messageTitle":"[#12048] Migrate logic for GetNotificationAction and add relevant tests for v9 migration (#12080)","messageBody":"","fileTypesAndContributionMap":{"java":{"insertions":110,"deletions":3}}},{"hash":"453899e18844d93bb06ea2ececfe6c6506f71111","isMergeCommit":false,"messageTitle":"[#12048] Create SQL logic for UpdateNotificationAction and add relevant tests for v9 migration (#12085)","messageBody":"","fileTypesAndContributionMap":{"java":{"insertions":305,"deletions":39}}},{"hash":"96ed70211a83676b16541a3f3d2969db943cc6da","isMergeCommit":false,"messageTitle":"Update DeleteNotificationAction logic and add tests and udpate other tests","messageBody":"","fileTypesAndContributionMap":{"java":{"insertions":81,"deletions":16}}},{"hash":"ad3145b879f5d99ce919b4a4186fa848920c0109","isMergeCommit":false,"messageTitle":"[#12048] Update GetReadNotificationsAction and MarkNotificationAsReadAction for v9 migration (#12156)","messageBody":"","fileTypesAndContributionMap":{"java":{"insertions":372,"deletions":22}}},{"hash":"4a47e5dd18b079b1e8fde2ae3770b3d980320bd5","isMergeCommit":false,"messageTitle":"[#12048] Migrate GetNotificationsAction (#12178)","messageBody":"","fileTypesAndContributionMap":{"java":{"insertions":181,"deletions":30}}},{"hash":"926764f3c3249a451ed19d2bb71039240d3bd829","isMergeCommit":false,"messageTitle":"[#12048] Update MarkNotificationAsReadAction logic for unmigrated accounts (#12190)","messageBody":"","fileTypesAndContributionMap":{"java":{"insertions":20,"deletions":1}}},{"hash":"bfe9dcdf7308e0745563ee0f6ab2c94cd0af0943","isMergeCommit":false,"messageTitle":"[#12048] Update FeedbackSession entity and add methods for FeedbackQuestion use (#12202)","messageBody":"","fileTypesAndContributionMap":{"java":{"insertions":94,"deletions":1}}},{"hash":"3a51b1692f584c41be7608f8bb744ccfd6ec81f7","isMergeCommit":false,"messageTitle":"[#12048] Migrate CreateFeedbackQuestionAction (#12217)","messageBody":"","fileTypesAndContributionMap":{"java":{"insertions":1158,"deletions":106}}},{"hash":"d0d4e710a9e2867342c59b586111d4ad259798fb","isMergeCommit":false,"messageTitle":"[#12048 ] Migrate UpdateFeedbackQuestionAction (#12318)","messageBody":"* Migrate UpdateFeedbackQuestionAction\r\n\r\n* Remove redundant line\r\n\r\n* Update data bundle\r\n\r\n* Fix FeedbackSessionsLogicIT\r\n\r\n* Ignore old test\r\n\r\n* Update data bundle\r\n\r\n* Update data bundle\r\n\r\n* Update comment","fileTypesAndContributionMap":{"java":{"insertions":733,"deletions":64}}},{"hash":"97ecda38fbbdc4573e0ce87103e3e5eceddceda4","isMergeCommit":false,"messageTitle":"[#12048] Migrate DeleteFeedbackQuestionAction (#12337)","messageBody":"* Migrate DeleteFeedbackQuestionAction\r\n\r\n* Ignore old tests\r\n\r\n* Update action checkAccessControl\r\n\r\n* Update integration tests","fileTypesAndContributionMap":{"java":{"insertions":186,"deletions":8}}}]}],"kevin9foong":[{"date":"2023-04-08","commitResults":[{"hash":"6fb6852c990f5229357139af59cb4751ca4a6ffc","isMergeCommit":false,"messageTitle":"[#12048] Account request v9 migration (#12107)","messageBody":"","fileTypesAndContributionMap":{"java":{"insertions":447,"deletions":1}}},{"hash":"74a8564b8b40752865bd8a1fffe3912f1c252c93","isMergeCommit":false,"messageTitle":"[#12048] AccountRequest Actions Migration (#12141)","messageBody":"","fileTypesAndContributionMap":{"java":{"insertions":267,"deletions":51}}},{"hash":"1af11f1cf9ba99c3e9c78cea0624b9c2c2487dbf","isMergeCommit":false,"messageTitle":"[#12048] Rename AccountRequestDb to AccountRequestsDb (#12170)","messageBody":"","fileTypesAndContributionMap":{"java":{"insertions":2,"deletions":2}}},{"hash":"d0ec6f72b40bbd5d8e70984f0934acbbbd26441e","isMergeCommit":false,"messageTitle":"[#12048] Migrate GetFeedbackSessionAction (#12212)","messageBody":"* Migrate GetFeedbackSessionAction\r\n\r\n* Add deadline extension search for specific user\r\n\r\n* Fix linting issues\r\n\r\n* Refactor to use the Deadline extension SQL logic\r\n\r\n* Add test and make refactors\r\n\r\n* Update FeedbackSessionData.java based on review\r\n\r\nCo-authored-by: Samuel Fang \u003c60355570+samuelfangjw@users.noreply.github.com\u003e\r\n\r\n* Refactor duplicates away and move filtering to getInfoFromStudentAndInstructor\r\n\r\n* Split tc to multiple units\r\n\r\n* Fix bug with feedbacksessiondata\r\n\r\n* Remove feedback session from api output\r\n\r\n* Update filtering logic in hideXX\r\n\r\n---------\r\n\r\nCo-authored-by: Samuel Fang \u003c60355570+samuelfangjw@users.noreply.github.com\u003e","fileTypesAndContributionMap":{"java":{"insertions":717,"deletions":47}}},{"hash":"e558059a5d5264458bf532dd9f6b13d1f4e8f83e","isMergeCommit":false,"messageTitle":"[#12048] Migrate Delete Feedback Session Action (#12226)","messageBody":"","fileTypesAndContributionMap":{"java":{"insertions":175,"deletions":33}}},{"hash":"30f603a0a54f5f325f080a3882bf9874645bf456","isMergeCommit":false,"messageTitle":"[#12048] Migrate create feedback session action (#12255)","messageBody":"","fileTypesAndContributionMap":{"java":{"insertions":462,"deletions":64}}},{"hash":"4cda1b1ceb379080ab6b19c349b876561624ea7b","isMergeCommit":false,"messageTitle":"[#12048] Migrate RemindFeedbackSessionResultAction (#12303)","messageBody":"","fileTypesAndContributionMap":{"java":{"insertions":195,"deletions":18}}},{"hash":"c72d30e5e7e93e038b5e51377264e13c93b63c65","isMergeCommit":false,"messageTitle":"[#12048] Migrate GetFeedbackSessionSubmittedGiverSetAction (#12258)","messageBody":"","fileTypesAndContributionMap":{"java":{"insertions":76,"deletions":10}}},{"hash":"0a6d74fb4a83e7eb881af001e8a539c6eb259ed5","isMergeCommit":false,"messageTitle":"[#12048] Migrate RemindFeedbackSessionSubmissionAction (#12304)","messageBody":"","fileTypesAndContributionMap":{"java":{"insertions":203,"deletions":18}}},{"hash":"fce3203601ab748a15c655db7f0f1afee1842438","isMergeCommit":false,"messageTitle":"[#12048] Migrate GetDeadlineExtensionAction (#12326)","messageBody":"","fileTypesAndContributionMap":{"java":{"insertions":144,"deletions":20}}}]},{"date":"2023-04-13","commitResults":[{"hash":"529a90fe19d07c37d101c961616552a3405bab82","isMergeCommit":false,"messageTitle":"[#12048] Migrate UpdateFeedbackSessionAction (#12360)","messageBody":"","fileTypesAndContributionMap":{"java":{"insertions":690,"deletions":88}}}]},{"date":"2024-02-15","commitResults":[{"hash":"e3fc9943bc7e91b633c57afbfa7c797017761891","isMergeCommit":false,"messageTitle":"[#12048] Migrate create account action (#12702)","messageBody":"* Migrate create account action\r\n\r\n* Add more docs and rename function for more detail\r\n\r\n* Fix bugs and generate new instructor sample data\r\n\r\n* fix: Fix existing bugs and add new InstructorSampleData\r\n\r\n* Fix lint errors\r\n\r\n* Remove transient\r\n\r\n* Remove stale CreateAccountAction IT for datastore\r\n\r\n* Add newline to InstructorSampleData.json end to fix lint error\r\n\r\n---------\r\n\r\nCo-authored-by: Wei Qing \u003c48304907+weiquu@users.noreply.github.com\u003e","fileTypesAndContributionMap":{"java":{"insertions":283,"deletions":87}}}]}]},"authorFileTypeContributionMap":{"domlimm":{"java":3664,"js":0,"scss":0,"md":0,"py":0,"tag":0,"html":1,"ts":34},"cedricongjh":{"java":5381,"js":0,"scss":0,"md":0,"py":0,"tag":0,"html":2,"ts":5},"jasonqiu212":{"java":1128,"js":0,"scss":24,"md":0,"py":0,"tag":0,"html":124,"ts":22},"weiquu":{"java":708,"js":0,"scss":290,"md":0,"py":0,"tag":0,"html":460,"ts":200},"EuniceSim142":{"java":6720,"js":0,"scss":0,"md":0,"py":0,"tag":0,"html":0,"ts":0},"hhdqirui":{"java":3423,"js":0,"scss":0,"md":0,"py":0,"tag":0,"html":0,"ts":0},"kevin9foong":{"java":3309,"js":0,"scss":0,"md":0,"py":0,"tag":0,"html":0,"ts":0}},"authorContributionVariance":{"domlimm":28794.91,"cedricongjh":77900.664,"jasonqiu212":3682.623,"weiquu":9870.536,"EuniceSim142":88025.22,"hhdqirui":38508.31,"kevin9foong":21071.23},"authorDisplayNameMap":{"domlimm":"DOMI.. JUN","cedricongjh":"ONG ..DRIC","jasonqiu212":"QIU ..ASON","weiquu":"NEO ..QING","EuniceSim142":"SIM ..NICE","hhdqirui":"WU Q..IRUI","kevin9foong":"KEVI..TONG"}}
