{"authorDailyContributionsMap":{"domlimm":[{"date":"2022-12-26","commitResults":[{"hash":"a40b94efaf5099cd3e03501aec8c2e06e40ab33e","messageTitle":"[#11876] Improve UX of Progress Bars (#12008)","messageBody":"","fileTypesAndContributionMap":{"ts":{"insertions":1,"deletions":1}}},{"hash":"96ea1f324738adc0d84cd947e3130fc724a9a4c5","messageTitle":"[#11869] Student: Enhance UX when submitting response for a feedback question (#11942)","messageBody":"","fileTypesAndContributionMap":{"html":{"insertions":5,"deletions":2},"ts":{"insertions":33,"deletions":0}}}]},{"date":"2023-02-27","commitResults":[{"hash":"1e5804b2e52fdfb3f09f3bc845ce23121ab5c844","messageTitle":"[#12048] Create Student, Instructor and User Entities for PostgreSQL Migration (#12071)","messageBody":"","fileTypesAndContributionMap":{"java":{"insertions":416,"deletions":1}}},{"hash":"96a42bba7be645b2a9591ddec28cd9ec2cfbadfd","messageTitle":"[#12048] Create User DB Layer for v9 Migration (#12110)","messageBody":"","fileTypesAndContributionMap":{"java":{"insertions":264,"deletions":20}}}]},{"date":"2023-03-05","commitResults":[{"hash":"6636362e5595156fe317e19314b62d150347d3d4","messageTitle":"[#12048] Create SQL Logic for Get User Actions (#12136)","messageBody":"","fileTypesAndContributionMap":{"java":{"insertions":286,"deletions":28}}},{"hash":"cad0defa64db1140477cc11761c2792ca34d0ad1","messageTitle":"[#12048] Add Unit Tests for UserDb methods (#12163)","messageBody":"","fileTypesAndContributionMap":{"java":{"insertions":106,"deletions":89}}}]},{"date":"2023-03-06","commitResults":[{"hash":"35fcc797ae7cb4a8c90874929dad488d374103f8","messageTitle":"[#12048] Update access visibility of HibernateUtils utility methods to private (#12171)","messageBody":"","fileTypesAndContributionMap":{"java":{"insertions":40,"deletions":37}}}]},{"date":"2023-03-08","commitResults":[{"hash":"034b8b3afad206fe8cd88c8d1c14f4fca075a7f2","messageTitle":"[#12048] Get Account and Accounts actions (#12176)","messageBody":"","fileTypesAndContributionMap":{"java":{"insertions":167,"deletions":11}}}]},{"date":"2023-03-12","commitResults":[{"hash":"ec2274fc89ee7a1f4951fea8bdefddaa87a0e263","messageTitle":"[#12048] Migrate DeleteAccountAction (#12184)","messageBody":"","fileTypesAndContributionMap":{"java":{"insertions":219,"deletions":6}}}]}],"cedricongjh":[{"date":"2023-02-07","commitResults":[{"hash":"afff7a3e2cbcdfc217b8aec6a2d83aed118ef448","messageTitle":"[#11853] Add stricter checks for potentially destructive question edits (#12030)","messageBody":"* Add FeedbackSessionPublishStatus enum to instructor session edit page\r\n\r\n* Add session publish status as a check for warning message when editing questions\r\n\r\n* Update snapshot testing for question edit form and session edit page\r\n\r\n---------\r\n\r\nCo-authored-by: wuqirui \u003c53338059+hhdqirui@users.noreply.github.com\u003e","fileTypesAndContributionMap":{"html":{"insertions":2,"deletions":1},"ts":{"insertions":5,"deletions":1}}}]},{"date":"2023-02-27","commitResults":[{"hash":"a79db22a3cf3717ff42638a87cddfaa49284b3c2","messageTitle":"[#12048] Create FeedbackQuestion Entity for PostgreSQL Migration (#12093)","messageBody":"","fileTypesAndContributionMap":{"java":{"insertions":389,"deletions":1}}},{"hash":"8b1b3b1e4d70f96d244956780e420fd919f306e2","messageTitle":"Create FeedbackResponse and FeedbackResponseComment entities (#12135)","messageBody":"","fileTypesAndContributionMap":{"java":{"insertions":542,"deletions":8}}},{"hash":"dad202279c303e508c43b32b6bdf456714d0c31e","messageTitle":"[#12048] Add remaining question and response subtype entities (#12138)","messageBody":"","fileTypesAndContributionMap":{"java":{"insertions":673,"deletions":1}}}]},{"date":"2023-03-13","commitResults":[{"hash":"360d7fd4dc0290b11bdb6b8a4070c574749710cd","messageTitle":"create feedback response question comment db and logic layer","messageBody":"","fileTypesAndContributionMap":{"java":{"insertions":109,"deletions":0}}},{"hash":"dfa431e03e098731c19591620a0d04e55048b31e","messageTitle":"update logic start with feedback response comment","messageBody":"","fileTypesAndContributionMap":{"java":{"insertions":3,"deletions":0}}}]}],"jasonqiu212":[],"weiquu":[],"EuniceSim142":[{"date":"2023-02-27","commitResults":[{"hash":"b1eb11316c2e455afbe39efee0e4e37ecc202d8c","messageTitle":"[#12048] Migrate deadline extension entity db (#12127)","messageBody":"","fileTypesAndContributionMap":{"java":{"insertions":280,"deletions":9}}}]},{"date":"2023-03-09","commitResults":[{"hash":"2f0f0a7b03d46060bfa22d79ddd82ba784444914","messageTitle":"[#12048] Migrate email generator (#12175)","messageBody":"","fileTypesAndContributionMap":{"java":{"insertions":1783,"deletions":74}}}]}],"hhdqirui":[{"date":"2023-01-21","commitResults":[{"hash":"695f2bde922e9cd507cc2532b40779de7e536d1f","messageTitle":"[#12029] Fix team members cannot see responses received by team issue and add relevant tests (#12032)","messageBody":"","fileTypesAndContributionMap":{"java":{"insertions":70,"deletions":5}}}]},{"date":"2023-02-27","commitResults":[{"hash":"0f9c53a60bcd318dadfae6912bf8ee82b872ea5f","messageTitle":"[#12048] Create Notification Entity for PostgreSQL migration (#12061)","messageBody":"","fileTypesAndContributionMap":{"java":{"insertions":264,"deletions":0}}},{"hash":"e343ead58f0ad2d6e571f42bf825df8e7893c31d","messageTitle":"[#12048] Create notification DB layer for v9 migration (#12075)","messageBody":"","fileTypesAndContributionMap":{"java":{"insertions":92,"deletions":3}}},{"hash":"2a5ee7af2fea909a588b98db69e53185ce3e19c1","messageTitle":"[#12048] Create SQL logic for CreateNotificationAction and add relevant tests for v9 migration (#12077)","messageBody":"","fileTypesAndContributionMap":{"java":{"insertions":250,"deletions":14}}},{"hash":"7641a146b79626dd7f8eabee5658d5bdd0e0b6a9","messageTitle":"[#12048] Migrate logic for GetNotificationAction and add relevant tests for v9 migration (#12080)","messageBody":"","fileTypesAndContributionMap":{"java":{"insertions":110,"deletions":3}}},{"hash":"5baedfd6910801f5cacec508065dc5b6a5579e19","messageTitle":"[#12048] Create SQL logic for UpdateNotificationAction and add relevant tests for v9 migration (#12085)","messageBody":"","fileTypesAndContributionMap":{"java":{"insertions":305,"deletions":39}}},{"hash":"d051ee6c741d1263fb67bb46f51f4a4ac5451719","messageTitle":"Update DeleteNotificationAction logic and add tests and udpate other tests","messageBody":"","fileTypesAndContributionMap":{"java":{"insertions":81,"deletions":16}}}]},{"date":"2023-03-05","commitResults":[{"hash":"8773ee18988ccb907e27596f367dd6721390968f","messageTitle":"[#12048] Update GetReadNotificationsAction and MarkNotificationAsReadAction for v9 migration (#12156)","messageBody":"","fileTypesAndContributionMap":{"java":{"insertions":372,"deletions":22}}}]},{"date":"2023-03-08","commitResults":[{"hash":"0af77a21cdfa556fdc9f7da239c4568cbdaf4605","messageTitle":"[#12048] Migrate GetNotificationsAction (#12178)","messageBody":"","fileTypesAndContributionMap":{"java":{"insertions":181,"deletions":30}}}]},{"date":"2023-03-11","commitResults":[{"hash":"6f382c4ad4cbd4bdb9be6506246151313b102f8b","messageTitle":"[#12048] Update MarkNotificationAsReadAction logic for unmigrated accounts (#12190)","messageBody":"","fileTypesAndContributionMap":{"java":{"insertions":20,"deletions":1}}}]},{"date":"2023-03-14","commitResults":[{"hash":"d1ab5391e7865b6858d011709647beaf3a0e7247","messageTitle":"[#12048] Update FeedbackSession entity and add methods for FeedbackQuestion use (#12202)","messageBody":"","fileTypesAndContributionMap":{"java":{"insertions":94,"deletions":1}}}]},{"date":"2023-03-18","commitResults":[{"hash":"db67441bf77020876bd143fe129b4e2095eb84e4","messageTitle":"[#12048] Migrate CreateFeedbackQuestionAction (#12217)","messageBody":"","fileTypesAndContributionMap":{"java":{"insertions":1158,"deletions":106}}}]}],"kevin9foong":[{"date":"2023-02-27","commitResults":[{"hash":"f130886a65d05c1637ac1ec74654074f982ec57a","messageTitle":"[#12048] Account request v9 migration (#12107)","messageBody":"","fileTypesAndContributionMap":{"java":{"insertions":447,"deletions":1}}}]},{"date":"2023-03-06","commitResults":[{"hash":"ff807e96b5c14733870ce9c84143dc849195028a","messageTitle":"[#12048] AccountRequest Actions Migration (#12141)","messageBody":"","fileTypesAndContributionMap":{"java":{"insertions":267,"deletions":51}}},{"hash":"0476826c51b4d8d651d3c44e809d754104e2f2ec","messageTitle":"[#12048] Rename AccountRequestDb to AccountRequestsDb (#12170)","messageBody":"","fileTypesAndContributionMap":{"java":{"insertions":2,"deletions":2}}}]}]},"authorFileTypeContributionMap":{"domlimm":{"java":1111,"js":0,"scss":0,"md":0,"py":0,"tag":0,"html":3,"ts":34},"cedricongjh":{"java":1638,"js":0,"scss":0,"md":0,"py":0,"tag":0,"html":2,"ts":5},"jasonqiu212":{"java":0,"js":0,"scss":0,"md":0,"py":0,"tag":0,"html":0,"ts":0},"weiquu":{"java":0,"js":0,"scss":0,"md":0,"py":0,"tag":0,"html":0,"ts":0},"EuniceSim142":{"java":2034,"js":0,"scss":0,"md":0,"py":0,"tag":0,"html":0,"ts":0},"hhdqirui":{"java":2717,"js":0,"scss":0,"md":0,"py":0,"tag":0,"html":0,"ts":0},"kevin9foong":{"java":642,"js":0,"scss":0,"md":0,"py":0,"tag":0,"html":0,"ts":0}},"authorContributionVariance":{"domlimm":7525.0728,"cedricongjh":23979.139,"jasonqiu212":0.0,"weiquu":0.0,"EuniceSim142":32308.588,"hhdqirui":28711.61,"kevin9foong":2767.577},"authorDisplayNameMap":{"domlimm":"DOMI.. JUN","cedricongjh":"ONG ..DRIC","jasonqiu212":"QIU ..ASON","weiquu":"NEO ..QING","EuniceSim142":"SIM ..NICE","hhdqirui":"WU Q..IRUI","kevin9foong":"KEVI..TONG"}}
