{"authorDailyContributionsMap":{"domlimm":[{"date":"2022-12-26","commitResults":[{"hash":"a40b94efaf5099cd3e03501aec8c2e06e40ab33e","messageTitle":"[#11876] Improve UX of Progress Bars (#12008)","messageBody":"","fileTypesAndContributionMap":{"ts":{"insertions":1,"deletions":1}}},{"hash":"96ea1f324738adc0d84cd947e3130fc724a9a4c5","messageTitle":"[#11869] Student: Enhance UX when submitting response for a feedback question (#11942)","messageBody":"","fileTypesAndContributionMap":{"html":{"insertions":5,"deletions":2},"ts":{"insertions":33,"deletions":0}}}]},{"date":"2023-02-15","commitResults":[{"hash":"780101ac36502c6ad0c082661208307d3df586c9","messageTitle":"[#12048] Create Student, Instructor and User Entities for PostgreSQL Migration (#12071)","messageBody":"","fileTypesAndContributionMap":{"java":{"insertions":416,"deletions":1}}}]},{"date":"2023-02-25","commitResults":[{"hash":"369ff19bcee420d5588838f93e65450bfd0be7f9","messageTitle":"[#12048] Create User DB Layer for v9 Migration (#12110)","messageBody":"","fileTypesAndContributionMap":{"java":{"insertions":264,"deletions":20}}}]}],"cedricongjh":[{"date":"2023-02-24","commitResults":[{"hash":"00e5c229a2e8d542600c826b3a2d25086ce509be","messageTitle":"[#12048] Create FeedbackQuestion Entity for PostgreSQL Migration (#12093)","messageBody":"","fileTypesAndContributionMap":{"java":{"insertions":389,"deletions":1}}}]}],"jasonqiu212":[],"weiquu":[],"EuniceSim142":[{"date":"2023-02-25","commitResults":[{"hash":"35de5edfeb5961be7cba41fcc28bff84fa7113dc","messageTitle":"[#12048] Migrate deadline extension entity db (#12127)","messageBody":"","fileTypesAndContributionMap":{"java":{"insertions":280,"deletions":9}}}]}],"hhdqirui":[{"date":"2023-01-21","commitResults":[{"hash":"695f2bde922e9cd507cc2532b40779de7e536d1f","messageTitle":"[#12029] Fix team members cannot see responses received by team issue and add relevant tests (#12032)","messageBody":"","fileTypesAndContributionMap":{"java":{"insertions":70,"deletions":5}}}]},{"date":"2023-02-10","commitResults":[{"hash":"9198839e3ac3f3b010e193469ce744b281089a5a","messageTitle":"[#12048] Create Notification Entity for PostgreSQL migration (#12061)","messageBody":"","fileTypesAndContributionMap":{"java":{"insertions":264,"deletions":0}}}]},{"date":"2023-02-11","commitResults":[{"hash":"39d13af64413b64e4607e938a418f26b5ade3254","messageTitle":"[#12048] Create notification DB layer for v9 migration (#12075)","messageBody":"","fileTypesAndContributionMap":{"java":{"insertions":92,"deletions":3}}}]},{"date":"2023-02-15","commitResults":[{"hash":"97d54b80ebfd20f07d000f318134c2b91a3f5c36","messageTitle":"[#12048] Create SQL logic for CreateNotificationAction and add relevant tests for v9 migration (#12077)","messageBody":"","fileTypesAndContributionMap":{"java":{"insertions":250,"deletions":14}}}]},{"date":"2023-02-22","commitResults":[{"hash":"92ebe87282bd8b7478561262875f1295c571c1cb","messageTitle":"[#12048] Migrate logic for GetNotificationAction and add relevant tests for v9 migration (#12080)","messageBody":"","fileTypesAndContributionMap":{"java":{"insertions":110,"deletions":3}}}]}],"kevin9foong":[{"date":"2023-02-21","commitResults":[{"hash":"cb21b39f77b2a6958d2926a74ad43175c8b6f9aa","messageTitle":"[#12048] Account request v9 migration (#12107)","messageBody":"","fileTypesAndContributionMap":{"java":{"insertions":447,"deletions":1}}}]}]},"authorFileTypeContributionMap":{"domlimm":{"java":504,"js":0,"scss":0,"md":0,"py":0,"tag":0,"html":4,"ts":34},"cedricongjh":{"java":388,"js":0,"scss":0,"md":0,"py":0,"tag":0,"html":0,"ts":0},"jasonqiu212":{"java":0,"js":0,"scss":0,"md":0,"py":0,"tag":0,"html":0,"ts":0},"weiquu":{"java":0,"js":0,"scss":0,"md":0,"py":0,"tag":0,"html":0,"ts":0},"EuniceSim142":{"java":280,"js":0,"scss":0,"md":0,"py":0,"tag":0,"html":0,"ts":0},"hhdqirui":{"java":596,"js":0,"scss":0,"md":0,"py":0,"tag":0,"html":0,"ts":0},"kevin9foong":{"java":406,"js":0,"scss":0,"md":0,"py":0,"tag":0,"html":0,"ts":0}},"authorContributionVariance":{"domlimm":2873.1453,"cedricongjh":1728.1807,"jasonqiu212":0.0,"weiquu":0.0,"EuniceSim142":948.9769,"hhdqirui":1830.4706,"kevin9foong":2280.426},"authorDisplayNameMap":{"domlimm":"DOMI.. JUN","cedricongjh":"ONG ..DRIC","jasonqiu212":"QIU ..ASON","weiquu":"NEO ..QING","EuniceSim142":"SIM ..NICE","hhdqirui":"WU Q..IRUI","kevin9foong":"KEVI..TONG"}}
