{"authorDailyContributionsMap":{"domlimm":[{"date":"2022-12-26","commitResults":[{"hash":"a40b94efaf5099cd3e03501aec8c2e06e40ab33e","messageTitle":"[#11876] Improve UX of Progress Bars (#12008)","messageBody":"","fileTypesAndContributionMap":{"ts":{"insertions":1,"deletions":1}}},{"hash":"96ea1f324738adc0d84cd947e3130fc724a9a4c5","messageTitle":"[#11869] Student: Enhance UX when submitting response for a feedback question (#11942)","messageBody":"","fileTypesAndContributionMap":{"html":{"insertions":5,"deletions":2},"ts":{"insertions":33,"deletions":0}}}]},{"date":"2023-02-27","commitResults":[{"hash":"1e5804b2e52fdfb3f09f3bc845ce23121ab5c844","messageTitle":"[#12048] Create Student, Instructor and User Entities for PostgreSQL Migration (#12071)","messageBody":"","fileTypesAndContributionMap":{"java":{"insertions":416,"deletions":1}}},{"hash":"96a42bba7be645b2a9591ddec28cd9ec2cfbadfd","messageTitle":"[#12048] Create User DB Layer for v9 Migration (#12110)","messageBody":"","fileTypesAndContributionMap":{"java":{"insertions":264,"deletions":20}}}]},{"date":"2023-03-05","commitResults":[{"hash":"6636362e5595156fe317e19314b62d150347d3d4","messageTitle":"[#12048] Create SQL Logic for Get User Actions (#12136)","messageBody":"","fileTypesAndContributionMap":{"java":{"insertions":286,"deletions":28}}},{"hash":"cad0defa64db1140477cc11761c2792ca34d0ad1","messageTitle":"[#12048] Add Unit Tests for UserDb methods (#12163)","messageBody":"","fileTypesAndContributionMap":{"java":{"insertions":106,"deletions":89}}}]},{"date":"2023-03-06","commitResults":[{"hash":"35fcc797ae7cb4a8c90874929dad488d374103f8","messageTitle":"[#12048] Update access visibility of HibernateUtils utility methods to private (#12171)","messageBody":"","fileTypesAndContributionMap":{"java":{"insertions":40,"deletions":37}}}]},{"date":"2023-03-08","commitResults":[{"hash":"034b8b3afad206fe8cd88c8d1c14f4fca075a7f2","messageTitle":"[#12048] Get Account and Accounts actions (#12176)","messageBody":"","fileTypesAndContributionMap":{"java":{"insertions":167,"deletions":11}}}]},{"date":"2023-03-12","commitResults":[{"hash":"ec2274fc89ee7a1f4951fea8bdefddaa87a0e263","messageTitle":"[#12048] Migrate DeleteAccountAction (#12184)","messageBody":"","fileTypesAndContributionMap":{"java":{"insertions":219,"deletions":6}}}]},{"date":"2023-03-21","commitResults":[{"hash":"d82c6855384264e31fab6f5cb9967fd45f9093d0","messageTitle":"[#12048] Migrate Reset Account Action (#12204)","messageBody":"","fileTypesAndContributionMap":{"java":{"insertions":577,"deletions":30}}},{"hash":"53524a2e982de5bf00276bed92e2c2637bcbd88d","messageTitle":"[#12048] Migrate Get Instructors Action (#12210)","messageBody":"","fileTypesAndContributionMap":{"java":{"insertions":296,"deletions":31}}},{"hash":"43f9db34f41f580a3ea1ebb2ddf1ef76928f725a","messageTitle":"[#12048] Migrate Get Student and Students Action (#12211)","messageBody":"","fileTypesAndContributionMap":{"java":{"insertions":584,"deletions":82}}},{"hash":"bef38260b3d50f4b5a9d4bd7c8ed9203df40794b","messageTitle":"[#12048] Fix Typo in Naming of DB Tables (#12232)","messageBody":"","fileTypesAndContributionMap":{"java":{"insertions":2,"deletions":2}}}]},{"date":"2023-03-25","commitResults":[{"hash":"3efaf93a624970c6bf04ebeaa3d5adb5531d5078","messageTitle":"[#12048] Migrate Get Instructor Privilege Action (#12245)","messageBody":"","fileTypesAndContributionMap":{"java":{"insertions":189,"deletions":6}}}]}],"cedricongjh":[{"date":"2023-02-07","commitResults":[{"hash":"afff7a3e2cbcdfc217b8aec6a2d83aed118ef448","messageTitle":"[#11853] Add stricter checks for potentially destructive question edits (#12030)","messageBody":"* Add FeedbackSessionPublishStatus enum to instructor session edit page\r\n\r\n* Add session publish status as a check for warning message when editing questions\r\n\r\n* Update snapshot testing for question edit form and session edit page\r\n\r\n---------\r\n\r\nCo-authored-by: wuqirui \u003c53338059+hhdqirui@users.noreply.github.com\u003e","fileTypesAndContributionMap":{"html":{"insertions":2,"deletions":1},"ts":{"insertions":5,"deletions":1}}}]},{"date":"2023-02-27","commitResults":[{"hash":"a79db22a3cf3717ff42638a87cddfaa49284b3c2","messageTitle":"[#12048] Create FeedbackQuestion Entity for PostgreSQL Migration (#12093)","messageBody":"","fileTypesAndContributionMap":{"java":{"insertions":389,"deletions":1}}},{"hash":"8b1b3b1e4d70f96d244956780e420fd919f306e2","messageTitle":"Create FeedbackResponse and FeedbackResponseComment entities (#12135)","messageBody":"","fileTypesAndContributionMap":{"java":{"insertions":542,"deletions":8}}},{"hash":"dad202279c303e508c43b32b6bdf456714d0c31e","messageTitle":"[#12048] Add remaining question and response subtype entities (#12138)","messageBody":"","fileTypesAndContributionMap":{"java":{"insertions":673,"deletions":1}}}]},{"date":"2023-03-21","commitResults":[{"hash":"9cd5e6d7fd4ec5a4abb470b6d500b5b772dc33e1","messageTitle":"[#12048] Create feedback response question comment db and logic layer (#12198)","messageBody":"","fileTypesAndContributionMap":{"java":{"insertions":112,"deletions":0}}},{"hash":"3e1ea75c020cbe9c50764ee842b1e5e370ef9cfb","messageTitle":"[#12048] Migrate GetFeedbackQuestionAction (#12208)","messageBody":"","fileTypesAndContributionMap":{"java":{"insertions":798,"deletions":36}}}]},{"date":"2023-03-25","commitResults":[{"hash":"dd325946a9e78e7b5a7895a8db58e7f0296d1b07","messageTitle":"Migrate get feedback question recipients action (#12231)","messageBody":"* add get feedback question to logic\r\n\r\n* change getStudentsForTeam to take in team name\r\n\r\n* fix duplicate feedbackQuestion logic in logic\r\n\r\n* create sqlcourseroster\r\n\r\n* add getCourseId to FeedbackQuestion\r\n\r\n* fix sqlcourseroster checkstyle issue\r\n\r\n* create getRecipientsOfQuestion\r\n\r\n* migrate getfeedbackquestionrecipientsaction\r\n\r\n* fix checkstyle issues\r\n\r\n* fix compile error\r\n\r\n* fix failing action test","fileTypesAndContributionMap":{"java":{"insertions":516,"deletions":32}}}]},{"date":"2023-03-28","commitResults":[{"hash":"73b0681eb102bda15dc30eaf8bbaa630df280b1d","messageTitle":"[#12048] Migrate get feedback responses action (#12252)","messageBody":"","fileTypesAndContributionMap":{"java":{"insertions":914,"deletions":103}}}]},{"date":"2023-03-31","commitResults":[{"hash":"06c7d3ed95893b3f60eba5bf0abf138851460b4d","messageTitle":"[#12048] Migrate get feedback response comments action (#12296)","messageBody":"* migrate-get-feedback-response-comments-action\r\n\r\n* implement integration test for getFeedbackResponseCommentAction\r\n\r\n---------\r\n\r\nCo-authored-by: wuqirui \u003c53338059+hhdqirui@users.noreply.github.com\u003e","fileTypesAndContributionMap":{"java":{"insertions":207,"deletions":17}}}]},{"date":"2023-04-03","commitResults":[{"hash":"6abbc3dee10763f5db13f1dd83366e80de60f304","messageTitle":"[#12048] Migrate get has responses action (#12294)","messageBody":"* add get feedback question to logic\r\n\r\n* fix duplicate feedbackQuestion logic in logic\r\n\r\n* add get feedbackresponses details copy to feedbackresponse entities\r\n\r\n* add getFeedbackResponses from student and instructor methods\r\n\r\n* add response comments to data bundle\r\n\r\n* migrate get feedback responses action\r\n\r\n* update get feedback responses action test\r\n\r\n* fix checkstyle issues\r\n\r\n* remove id from data bundle response comment\r\n\r\n* fix persistance error for feedback response comment\r\n\r\n* check courseId in action\r\n\r\n* migrate access control for GetHasResponsesAction\r\n\r\n* add getFeedbackSessionsForCourse to sql logic\r\n\r\n* create sessionHasQuestionForStudent\r\n\r\n* create sessionHasQuestionsForGiverType\r\n\r\n* create hasGiverRespondedForSession\r\n\r\n* create isFeedbackSessionAttemptedByStudent\r\n\r\n* create areThereResponsesForQuestion\r\n\r\n* create hasResponsesForCourse\r\n\r\n* migrate GetHasResponsesAction\r\n\r\n* add unit tests for db methods\r\n\r\n* fix checkstyle issues\r\n\r\n* change javadoc\r\n\r\n* fix failing unit tests\r\n\r\n* fix pmdMain issues\r\n\r\n* add simple integration test for getHasResponsesAction\r\n\r\n* add get feedback question to logic\r\n\r\n* fix duplicate feedbackQuestion logic in logic\r\n\r\n* add get feedbackresponses details copy to feedbackresponse entities\r\n\r\n* add getFeedbackResponses from student and instructor methods\r\n\r\n* add response comments to data bundle\r\n\r\n* migrate get feedback responses action\r\n\r\n* update get feedback responses action test\r\n\r\n* fix checkstyle issues\r\n\r\n* remove id from data bundle response comment\r\n\r\n* fix persistance error for feedback response comment\r\n\r\n* check courseId in action\r\n\r\n* migrate access control for GetHasResponsesAction\r\n\r\n* add getFeedbackSessionsForCourse to sql logic\r\n\r\n* create sessionHasQuestionForStudent\r\n\r\n* create sessionHasQuestionsForGiverType\r\n\r\n* create hasGiverRespondedForSession\r\n\r\n* create areThereResponsesForQuestion\r\n\r\n* create hasResponsesForCourse\r\n\r\n* migrate GetHasResponsesAction\r\n\r\n* add unit tests for db methods\r\n\r\n* fix checkstyle issues\r\n\r\n* change javadoc\r\n\r\n* fix failing unit tests\r\n\r\n* fix pmdMain issues\r\n\r\n* add simple integration test for getHasResponsesAction\r\n\r\n* fix checkstyle issue\r\n\r\n* fix unit test for hasResponsesFromGiverInSession\r\n\r\n* fix checkstyle issue","fileTypesAndContributionMap":{"java":{"insertions":439,"deletions":34}}},{"hash":"7f21d668c5fd68910991492aadc4959f7631d620","messageTitle":"#[12048] Migrate update feedback response comment action (#12319)","messageBody":"* add verifySessionOpenExceptForModeration\r\n\r\n* add getCopyForUser in feedbackSession\r\n\r\n* add updateFeedbackResponseComment in FeedbackResponseCommentsLogic\r\n\r\n* add getFeedbackResponseComment and updateFeedbackResponseComment in Logic\r\n\r\n* migrate update feedback response comment action\r\n\r\n* create IT for UpdateFeedbackResponseCommentAction\r\n\r\n* set deadline extensions and updatedAt for feedback sessions copy","fileTypesAndContributionMap":{"java":{"insertions":333,"deletions":47}}},{"hash":"b609fca82c568c60f4b11d9f4fdc830b1a6470c8","messageTitle":"[#12048] Migrate delete feedback response comment action (#12328)","messageBody":"* add getFeedbackResponseComment and deleteFeedbackResponseComment to logic\r\n\r\n* add verifySessionOpenExceptForModeration\r\n\r\n* add getCopyForUser in FeedbackSession\r\n\r\n* migrate DeleteFeedbackResponseCommentAction\r\n\r\n* add DeleteFeedbackResponseCommentAction it\r\n\r\n* fix logic for deleting frc\r\n\r\n* set deadline extensions and updatedAt for feedback sessions copy\r\n\r\n* remove extra fields in data bundle\r\n\r\n* change deletefrc to take in id","fileTypesAndContributionMap":{"java":{"insertions":204,"deletions":22}}},{"hash":"98e8485b89adbf478fa39d678ad8c2185798eaee","messageTitle":"[#12048] Migrate create feedback response comment action (#12311)","messageBody":"* add get feedbackresponse to logic layer\r\n\r\n* add validQuestionForCommentInSubmission, verifyResponseOwnerShipForInstructor and verifyResponseOwnerShipForStudent\r\n\r\n* add verifySessionOpenExceptForModeration\r\n\r\n* create getuuidfrom string method\r\n\r\n* add getCopyForUser in feedbackSession\r\n\r\n* add createFeedbackResponseComment to logic\r\n\r\n* handle possible null createdAt and updatedAt for feedbackresponsecomment\r\n\r\n* update questionDetails to be of type text\r\n\r\n* migrate create feedback response comment action\r\n\r\n* implement IT for create feedback resposne comment action\r\n\r\n* fix checkstyle issue\r\n\r\n* flush session upon create feedback response comment action\r\n\r\n* move perist session to entitiesDb\r\n\r\n* change column defintion for feedbackQuestionTypes\r\n\r\n* set deadline extensions and updatedAt for feedback sessions copy\r\n\r\n* remove extra fields in data bundle\r\n\r\n* remove flush sessions from entities db\r\n\r\n* add null check for createdAt and updatedAt in frcData\r\n\r\n* flush session in create frc action\r\n\r\n* throw invalid operation exception when updating frc that doesnt exist\r\n\r\n---------\r\n\r\nCo-authored-by: wuqirui \u003c53338059+hhdqirui@users.noreply.github.com\u003e","fileTypesAndContributionMap":{"java":{"insertions":373,"deletions":75}}}]}],"jasonqiu212":[],"weiquu":[],"EuniceSim142":[{"date":"2023-02-27","commitResults":[{"hash":"b1eb11316c2e455afbe39efee0e4e37ecc202d8c","messageTitle":"[#12048] Migrate deadline extension entity db (#12127)","messageBody":"","fileTypesAndContributionMap":{"java":{"insertions":280,"deletions":9}}}]},{"date":"2023-03-09","commitResults":[{"hash":"2f0f0a7b03d46060bfa22d79ddd82ba784444914","messageTitle":"[#12048] Migrate email generator (#12175)","messageBody":"","fileTypesAndContributionMap":{"java":{"insertions":1783,"deletions":74}}}]},{"date":"2023-03-21","commitResults":[{"hash":"839c642c1db89b550f92ce8645d53d6b093dcd44","messageTitle":"[#12048] Migrate Course Action classes (#12092)","messageBody":"* [#12048] Set up github action workflows\r\n\r\n* [#12048] v9: Skeleton implementation (#12056)\r\n\r\n* [#12048] Add isMigrated flag to course (#12063)\r\n\r\n* [#12048] Add is migrated flag to datastore account (#12070)\r\n\r\n* Temporarily disable liquibase migrations\r\n\r\n* [#12048] Create Notification Entity for PostgreSQL migration (#12061)\r\n\r\n* [#12048] Create notification DB layer for v9 migration (#12075)\r\n\r\n* [#12048] Add UsageStatistics entity and db (#12076)\r\n\r\n* Migrate GetCourseAction.java\r\n\r\n* Migrate DeleteCourseAction.java and relevant logic functions\r\n\r\n* Migrate BinCourseAction.java and its related logic functions\r\n\r\n* Update checkSpecificAccessControl functions in BinCourseAction and DeleteCourseAction classes\r\n\r\n* Migrate RestoreCourseAction and its related logic functions\r\n\r\n* Migrate UpdateCourseAction with its related logic functions\r\n\r\n* [#12048] Add Account Entity (#12087)\r\n\r\n* [#12048] Create SQL logic for CreateNotificationAction and add relevant tests for v9 migration (#12077)\r\n\r\n* [#12048] Create Student, Instructor and User Entities for PostgreSQL Migration (#12071)\r\n\r\n* [#12048] V9: Cleanup and refactor (#12090)\r\n\r\n* Edit GetCourseAction and refactor out the old datastore code\r\n\r\n* [#12048] Remove redundant InstructorRole Enum (#12091)\r\n\r\n* Fix compilation error\r\n\r\n* Update check for database to fetch from\r\n\r\n* Add unit tests for CoursesDb\r\n\r\n* [#12048] Update GetUsageStatisticsAction to include SQL entities (#12084)\r\n\r\n* Add CoursesLogicTest class\r\n\r\n* Disable failing tests\r\n\r\n* Fix compilation error\r\n\r\n* Fix Checkstyle errors\r\n\r\n* Merge branch\r\n\r\n* Change flow for updating courses.\r\n\r\n* Update updateCourse JavaDoc comment.\r\n\r\n* Update CreateCourseAction and related methods\r\n\r\n* Update GetCourseAction.\r\n\r\n* Update UpdateCourseAction\r\n\r\n* Update BinCourseAction and RestoreCourseAction\r\n\r\n* Update DeleteCourseAction\r\n\r\n* Migrate GetCourseSectionNamesAction and related methods.\r\n\r\n* Add Unit tests for Logic layer of Course.\r\n\r\n* Fix Checkstyle errors\r\n\r\n* Add unit test for GetCourseAction\u0027s execute function\r\n\r\n* Add verify for CoursesDb unit tests and use assertNull and assertNotNull\r\n\r\n* Move fetching of course to logic layer.\r\n\r\n* Fix Checkstyle errors.\r\n\r\n* Move canCreateCourse logic to logic layer.\r\n\r\n* Change *CourseAction classes to use isCourseMigrated\r\n\r\n* Fix CoursesLogic\u0027s initLogicDependencies method call\r\n\r\n* Add unit tests for GetCourseAction.\r\n\r\n* Remove commented out method.\r\n\r\n* Add minimal unit tests for BinCourseAction, DeleteCourseAction and RestoreCourseAction.\r\n\r\n* Add minimal unit tests for GetCourseSectionAction and UpdateCourseAction.\r\n\r\n* Remove unused EntityType parameter.\r\n\r\n* Add minimal unit tests for CreateCourseAction.\r\n\r\n* Fix Checkstyle errors.\r\n\r\n* Ignore all old datastore test cases for *CourseAction classes.\r\n\r\n* Fix \u0027text\u0027 type to \u0027test\u0027.\r\n\r\n* Change binCourseToRecycleBin to return the binned course.\r\n\r\n* Update moveCourseToRecycleBin test.\r\n\r\n* Update test name.\r\n\r\n---------\r\n\r\nCo-authored-by: Samuel Fang \u003csamuelfangjw@gmail.com\u003e\r\nCo-authored-by: dao ngoc hieu \u003c53283766+daongochieu2810@users.noreply.github.com\u003e\r\nCo-authored-by: Samuel Fang \u003c60355570+samuelfangjw@users.noreply.github.com\u003e\r\nCo-authored-by: wuqirui \u003c53338059+hhdqirui@users.noreply.github.com\u003e\r\nCo-authored-by: Dominic Lim \u003c46486515+domlimm@users.noreply.github.com\u003e","fileTypesAndContributionMap":{"java":{"insertions":1647,"deletions":71}}}]},{"date":"2023-03-23","commitResults":[{"hash":"c1c340a0062f9ac654d0c2f656aeb4d12bb06ee4","messageTitle":"[#12048] Migrate *JoinEmailWorkerAction classes (#12229)","messageBody":"","fileTypesAndContributionMap":{"java":{"insertions":378,"deletions":17}}}]},{"date":"2023-03-31","commitResults":[{"hash":"7ada036179b52d21d530e22cbdbac1d5f6c88e8f","messageTitle":"[#12048] Migrate *EmailAction classes. (#12300)","messageBody":"","fileTypesAndContributionMap":{"java":{"insertions":558,"deletions":15}}},{"hash":"b7e6332ef60c4fbcd696de06c6a03d29fa91f4ca","messageTitle":"[#12048] Migrate Feedback Session remind-related email worker actions (#12246)","messageBody":"","fileTypesAndContributionMap":{"java":{"insertions":614,"deletions":23}}}]}],"hhdqirui":[{"date":"2023-01-21","commitResults":[{"hash":"695f2bde922e9cd507cc2532b40779de7e536d1f","messageTitle":"[#12029] Fix team members cannot see responses received by team issue and add relevant tests (#12032)","messageBody":"","fileTypesAndContributionMap":{"java":{"insertions":70,"deletions":5}}}]},{"date":"2023-02-27","commitResults":[{"hash":"0f9c53a60bcd318dadfae6912bf8ee82b872ea5f","messageTitle":"[#12048] Create Notification Entity for PostgreSQL migration (#12061)","messageBody":"","fileTypesAndContributionMap":{"java":{"insertions":264,"deletions":0}}},{"hash":"e343ead58f0ad2d6e571f42bf825df8e7893c31d","messageTitle":"[#12048] Create notification DB layer for v9 migration (#12075)","messageBody":"","fileTypesAndContributionMap":{"java":{"insertions":92,"deletions":3}}},{"hash":"2a5ee7af2fea909a588b98db69e53185ce3e19c1","messageTitle":"[#12048] Create SQL logic for CreateNotificationAction and add relevant tests for v9 migration (#12077)","messageBody":"","fileTypesAndContributionMap":{"java":{"insertions":250,"deletions":14}}},{"hash":"7641a146b79626dd7f8eabee5658d5bdd0e0b6a9","messageTitle":"[#12048] Migrate logic for GetNotificationAction and add relevant tests for v9 migration (#12080)","messageBody":"","fileTypesAndContributionMap":{"java":{"insertions":110,"deletions":3}}},{"hash":"5baedfd6910801f5cacec508065dc5b6a5579e19","messageTitle":"[#12048] Create SQL logic for UpdateNotificationAction and add relevant tests for v9 migration (#12085)","messageBody":"","fileTypesAndContributionMap":{"java":{"insertions":305,"deletions":39}}},{"hash":"d051ee6c741d1263fb67bb46f51f4a4ac5451719","messageTitle":"Update DeleteNotificationAction logic and add tests and udpate other tests","messageBody":"","fileTypesAndContributionMap":{"java":{"insertions":81,"deletions":16}}}]},{"date":"2023-03-05","commitResults":[{"hash":"8773ee18988ccb907e27596f367dd6721390968f","messageTitle":"[#12048] Update GetReadNotificationsAction and MarkNotificationAsReadAction for v9 migration (#12156)","messageBody":"","fileTypesAndContributionMap":{"java":{"insertions":372,"deletions":22}}}]},{"date":"2023-03-08","commitResults":[{"hash":"0af77a21cdfa556fdc9f7da239c4568cbdaf4605","messageTitle":"[#12048] Migrate GetNotificationsAction (#12178)","messageBody":"","fileTypesAndContributionMap":{"java":{"insertions":181,"deletions":30}}}]},{"date":"2023-03-11","commitResults":[{"hash":"6f382c4ad4cbd4bdb9be6506246151313b102f8b","messageTitle":"[#12048] Update MarkNotificationAsReadAction logic for unmigrated accounts (#12190)","messageBody":"","fileTypesAndContributionMap":{"java":{"insertions":20,"deletions":1}}}]},{"date":"2023-03-21","commitResults":[{"hash":"011be84811128f4665e63af3bda4098fc5962602","messageTitle":"[#12048] Update FeedbackSession entity and add methods for FeedbackQuestion use (#12202)","messageBody":"","fileTypesAndContributionMap":{"java":{"insertions":94,"deletions":1}}},{"hash":"6c1bfe5ed929c918b7540a48d5fa79451669d059","messageTitle":"[#12048] Migrate CreateFeedbackQuestionAction (#12217)","messageBody":"","fileTypesAndContributionMap":{"java":{"insertions":1158,"deletions":106}}}]},{"date":"2023-04-03","commitResults":[{"hash":"1b777b514452d900fbefa38acccd80f14245b491","messageTitle":"[#12048 ] Migrate UpdateFeedbackQuestionAction (#12318)","messageBody":"* Migrate UpdateFeedbackQuestionAction\r\n\r\n* Remove redundant line\r\n\r\n* Update data bundle\r\n\r\n* Fix FeedbackSessionsLogicIT\r\n\r\n* Ignore old test\r\n\r\n* Update data bundle\r\n\r\n* Update data bundle\r\n\r\n* Update comment","fileTypesAndContributionMap":{"java":{"insertions":733,"deletions":64}}}]}],"kevin9foong":[{"date":"2023-02-27","commitResults":[{"hash":"f130886a65d05c1637ac1ec74654074f982ec57a","messageTitle":"[#12048] Account request v9 migration (#12107)","messageBody":"","fileTypesAndContributionMap":{"java":{"insertions":447,"deletions":1}}}]},{"date":"2023-03-06","commitResults":[{"hash":"ff807e96b5c14733870ce9c84143dc849195028a","messageTitle":"[#12048] AccountRequest Actions Migration (#12141)","messageBody":"","fileTypesAndContributionMap":{"java":{"insertions":267,"deletions":51}}},{"hash":"0476826c51b4d8d651d3c44e809d754104e2f2ec","messageTitle":"[#12048] Rename AccountRequestDb to AccountRequestsDb (#12170)","messageBody":"","fileTypesAndContributionMap":{"java":{"insertions":2,"deletions":2}}}]},{"date":"2023-03-21","commitResults":[{"hash":"3d8219a01a0bf23f45ee3adf5ef1037ce489ff26","messageTitle":"[#12048] Migrate GetFeedbackSessionAction (#12212)","messageBody":"* Migrate GetFeedbackSessionAction\r\n\r\n* Add deadline extension search for specific user\r\n\r\n* Fix linting issues\r\n\r\n* Refactor to use the Deadline extension SQL logic\r\n\r\n* Add test and make refactors\r\n\r\n* Update FeedbackSessionData.java based on review\r\n\r\nCo-authored-by: Samuel Fang \u003c60355570+samuelfangjw@users.noreply.github.com\u003e\r\n\r\n* Refactor duplicates away and move filtering to getInfoFromStudentAndInstructor\r\n\r\n* Split tc to multiple units\r\n\r\n* Fix bug with feedbacksessiondata\r\n\r\n* Remove feedback session from api output\r\n\r\n* Update filtering logic in hideXX\r\n\r\n---------\r\n\r\nCo-authored-by: Samuel Fang \u003c60355570+samuelfangjw@users.noreply.github.com\u003e","fileTypesAndContributionMap":{"java":{"insertions":717,"deletions":47}}}]},{"date":"2023-03-25","commitResults":[{"hash":"41084354bc8da4a9b3aeb5de2fe30a4ae7b4a3b3","messageTitle":"[#12048] Migrate Delete Feedback Session Action (#12226)","messageBody":"","fileTypesAndContributionMap":{"java":{"insertions":175,"deletions":33}}}]},{"date":"2023-03-28","commitResults":[{"hash":"d8133a13721693655fd8bdf3d6e97567344cbdca","messageTitle":"[#12048] Migrate create feedback session action (#12255)","messageBody":"","fileTypesAndContributionMap":{"java":{"insertions":462,"deletions":64}}}]},{"date":"2023-04-01","commitResults":[{"hash":"2dc3af3554a78f1f65ff7ffc55f4ee2b30f4fe8f","messageTitle":"[#12048] Migrate RemindFeedbackSessionResultAction (#12303)","messageBody":"","fileTypesAndContributionMap":{"java":{"insertions":195,"deletions":18}}},{"hash":"84e0de510dd8cc39f175395a324e09eb3bcab24d","messageTitle":"[#12048] Migrate GetFeedbackSessionSubmittedGiverSetAction (#12258)","messageBody":"","fileTypesAndContributionMap":{"java":{"insertions":76,"deletions":10}}}]}]},"authorFileTypeContributionMap":{"domlimm":{"java":2558,"js":0,"scss":0,"md":0,"py":0,"tag":0,"html":3,"ts":34},"cedricongjh":{"java":4851,"js":0,"scss":0,"md":0,"py":0,"tag":0,"html":2,"ts":5},"jasonqiu212":{"java":0,"js":0,"scss":0,"md":0,"py":0,"tag":0,"html":0,"ts":0},"weiquu":{"java":0,"js":0,"scss":0,"md":0,"py":0,"tag":0,"html":0,"ts":0},"EuniceSim142":{"java":5014,"js":0,"scss":0,"md":0,"py":0,"tag":0,"html":0,"ts":0},"hhdqirui":{"java":3364,"js":0,"scss":0,"md":0,"py":0,"tag":0,"html":0,"ts":0},"kevin9foong":{"java":2130,"js":0,"scss":0,"md":0,"py":0,"tag":0,"html":0,"ts":0}},"authorContributionVariance":{"domlimm":27022.383,"cedricongjh":55945.105,"jasonqiu212":0.0,"weiquu":0.0,"EuniceSim142":63406.508,"hhdqirui":31790.375,"kevin9foong":10034.548},"authorDisplayNameMap":{"domlimm":"DOMI.. JUN","cedricongjh":"ONG ..DRIC","jasonqiu212":"QIU ..ASON","weiquu":"NEO ..QING","EuniceSim142":"SIM ..NICE","hhdqirui":"WU Q..IRUI","kevin9foong":"KEVI..TONG"}}
