{"authorDailyContributionsMap":{"domlimm":[{"date":"2022-12-26","commitResults":[{"hash":"a40b94efaf5099cd3e03501aec8c2e06e40ab33e","messageTitle":"[#11876] Improve UX of Progress Bars (#12008)","messageBody":"","fileTypesAndContributionMap":{"ts":{"insertions":1,"deletions":1}}},{"hash":"96ea1f324738adc0d84cd947e3130fc724a9a4c5","messageTitle":"[#11869] Student: Enhance UX when submitting response for a feedback question (#11942)","messageBody":"","fileTypesAndContributionMap":{"html":{"insertions":5,"deletions":2},"ts":{"insertions":33,"deletions":0}}}]}],"cedricongjh":[{"date":"2023-02-07","commitResults":[{"hash":"afff7a3e2cbcdfc217b8aec6a2d83aed118ef448","messageTitle":"[#11853] Add stricter checks for potentially destructive question edits (#12030)","messageBody":"* Add FeedbackSessionPublishStatus enum to instructor session edit page\r\n\r\n* Add session publish status as a check for warning message when editing questions\r\n\r\n* Update snapshot testing for question edit form and session edit page\r\n\r\n---------\r\n\r\nCo-authored-by: wuqirui \u003c53338059+hhdqirui@users.noreply.github.com\u003e","fileTypesAndContributionMap":{"html":{"insertions":2,"deletions":1},"ts":{"insertions":5,"deletions":1}}}]}],"jasonqiu212":[{"date":"2023-02-20","commitResults":[{"hash":"78e51f43f2659fdafd2592aed86938c2da0178dd","messageTitle":"[#12081] User-friendliness: Make header dropdowns focusable (#12105)","messageBody":"* Make dropdowns in menu bar focusable\r\n\r\n* Fix unequal margins in dropdown list in menu bar\r\n\r\n* Fix lint","fileTypesAndContributionMap":{"scss":{"insertions":1,"deletions":0},"html":{"insertions":3,"deletions":3}}}]},{"date":"2023-02-26","commitResults":[{"hash":"adec083b248751d40d5cf4ae28af59eb4740cc6f","messageTitle":"[#12081] User-friendliness: Landmark questions in feedback sessions results page (#12129)","messageBody":"* Make [more] button in feedback sessions result page focusable\r\n\r\n* Use headings for question number in feedback sessions result page\r\n\r\n* Edit snapshot tests\r\n\r\n* Change h3 to h2 tag and remove \u003cb\u003e tags\r\n\r\n* Change additional info from link to button","fileTypesAndContributionMap":{"java":{"insertions":1,"deletions":1},"scss":{"insertions":6,"deletions":0},"html":{"insertions":8,"deletions":8},"ts":{"insertions":1,"deletions":1}}}]},{"date":"2023-02-27","commitResults":[{"hash":"ce5d5191c0132e38d4e19215af27a470e2cdc853","messageTitle":"[#12081] User-friendliness: Fix evaluee/recipient mobile text wrap (#12139)","messageBody":"* Fix mobile text wrap for evaluee/recipient\r\n\r\n* Align Evaluee/Recipient to left\r\n\r\n* Fix lint","fileTypesAndContributionMap":{"scss":{"insertions":0,"deletions":12},"html":{"insertions":93,"deletions":95}}}]},{"date":"2023-03-01","commitResults":[{"hash":"9ea4b1cec82ce6bf3e8f5ac1b6495ab115ecbf3b","messageTitle":"Add labels for MCQ questions (#12147)","messageBody":"","fileTypesAndContributionMap":{"html":{"insertions":2,"deletions":1}}},{"hash":"1c08d384e3fb053d15630f7c1c01acc81244b3ef","messageTitle":"Add labels for numerical scale questions (#12148)","messageBody":"","fileTypesAndContributionMap":{"html":{"insertions":2,"deletions":1}}},{"hash":"34f787740929f3c33cccf3c02b84b8d5b1be2f86","messageTitle":"[#12081] User-friendliness: Add labels for distribute points by recipient questions (#12150)","messageBody":"* Add labels for distribute points by recipient questions\r\n\r\n* Fix dropdown for questions with constraints\r\n\r\n* Make method name for toggling question submission form dropdown more specific","fileTypesAndContributionMap":{"html":{"insertions":6,"deletions":3},"ts":{"insertions":2,"deletions":1}}}]},{"date":"2023-03-07","commitResults":[{"hash":"81c7f6ae8fecacb83f8b62d0bc8b55ab49d23eb8","messageTitle":"[#12081] User-friendliness: Add labels to rank options questions (#12172)","messageBody":"* Add labels to rank options questions\r\n\r\n* Add grouping by recipients\r\n\r\n* Add empty space at end of file","fileTypesAndContributionMap":{"html":{"insertions":25,"deletions":21},"ts":{"insertions":5,"deletions":0}}}]},{"date":"2023-03-12","commitResults":[{"hash":"238284a1a25d5a86698e1dcbfa8868d48b563c58","messageTitle":"[#12081] User-friendliness: Add labels to rubric questions (#12155)","messageBody":"* Add labels and groups to rubric questions\r\n\r\n* Fix lint\r\n\r\n* Fix tests\r\n\r\n* Fix labels for tables with two headers\r\n\r\n* Remove redundant dash for choices without description\r\n\r\n* Add e2e tests for table row and column headers","fileTypesAndContributionMap":{"java":{"insertions":54,"deletions":14},"html":{"insertions":26,"deletions":11},"ts":{"insertions":10,"deletions":0}}}]},{"date":"2023-03-13","commitResults":[{"hash":"4b6d45a1dd5a83378c87a058566ab6885c4e521d","messageTitle":"Modify header of card to display content in column for mobile (#12197)","messageBody":"","fileTypesAndContributionMap":{"scss":{"insertions":0,"deletions":8},"html":{"insertions":7,"deletions":7}}}]},{"date":"2023-03-14","commitResults":[{"hash":"a60fdf0a63c60924b6297195b9b4366927c2be6d","messageTitle":"[#12081] User-friendliness: Make rubric question response table mobile responsive (#12201)","messageBody":"* Make rubric question response table mobile responsive\r\n\r\n* Add selected aria-label for response rubric question table","fileTypesAndContributionMap":{"html":{"insertions":2,"deletions":2}}},{"hash":"c70a73cd4c8d8511ef34593ea1ca6691d2b07f1d","messageTitle":"Create unique id for rubric table cell (#12205)","messageBody":"","fileTypesAndContributionMap":{"html":{"insertions":9,"deletions":8},"ts":{"insertions":4,"deletions":0}}}]},{"date":"2023-03-20","commitResults":[{"hash":"ba7adaa7b84e9a8bfad2aaf3e15f0ac102580800","messageTitle":"[#12081] Minimise modal margin for mobile (#12225)","messageBody":"","fileTypesAndContributionMap":{"scss":{"insertions":11,"deletions":5}}}]}],"weiquu":[{"date":"2023-02-19","commitResults":[{"hash":"02f87dd9ab0c6c7416c5dcce040e9eb260c63365","messageTitle":"[#12081] User-friendliness: Fix margins on mobile (#12096)","messageBody":"* Redo all changes over the last few days\r\n\r\n* Missed out a few changes\r\n\r\n* Resolve comments\r\n\r\n* Update tests","fileTypesAndContributionMap":{"scss":{"insertions":51,"deletions":3},"html":{"insertions":210,"deletions":212}}}]},{"date":"2023-02-27","commitResults":[{"hash":"12e2b73298a95f8b5cc03e4ac9f4e96133036783","messageTitle":"[#12081] Landmark questions in submit feedback page (#12104)","messageBody":"* Landmark questions by making them headings\r\n\r\n* Update tests\r\n\r\n* Make questions collapsible\r\n\r\n* Make question cards interactable\r\n\r\n* Resolve comments\r\n\r\n* Fix E2E issues\r\n\r\n* Fix lint issues\r\n\r\n* typo\r\n\r\n* lint again","fileTypesAndContributionMap":{"scss":{"insertions":11,"deletions":0},"html":{"insertions":183,"deletions":178},"ts":{"insertions":29,"deletions":0}}}]},{"date":"2023-02-28","commitResults":[{"hash":"965a9fb662adb07552d55c0e136b54820922652d","messageTitle":"[#12081] User-friendliness: Add label to text input for essay questions (#12140)","messageBody":"* Add labels for text question responses\r\n\r\n* Another merge conflict","fileTypesAndContributionMap":{"html":{"insertions":3,"deletions":2},"ts":{"insertions":14,"deletions":1}}},{"hash":"8b76ab75c5ccd58f4399ceab1240fc6ee87af974","messageTitle":"[#12081] User-friendliness: Add labels for MSQ checkboxes (#12144)","messageBody":"* Add labels for MSQ checkboxes\r\n\r\n* Shift to question edit form","fileTypesAndContributionMap":{"html":{"insertions":2,"deletions":1},"ts":{"insertions":14,"deletions":14}}}]},{"date":"2023-03-01","commitResults":[{"hash":"8a75428063ce277d895b3912535e5acd83ae1fc6","messageTitle":"Add labels and groups to distribute points (options) (#12149)","messageBody":"","fileTypesAndContributionMap":{"html":{"insertions":43,"deletions":39},"ts":{"insertions":5,"deletions":0}}}]},{"date":"2023-03-03","commitResults":[{"hash":"a863cd17711cb61377eada9ea8dcd147dda5ead3","messageTitle":"User-friendliness: Add labels and change \"more info\" button for team contribution questions (#12153)","messageBody":"* Add labels and change button\r\n\r\n* Update tests","fileTypesAndContributionMap":{"html":{"insertions":14,"deletions":18},"ts":{"insertions":11,"deletions":13}}}]},{"date":"2023-03-06","commitResults":[{"hash":"9c488d67030c5f25ef57c13985589461be072225","messageTitle":"[#12081] User-friendliness: Add label to rank recipients question (#12167)","messageBody":"* Add label to rank recipients question\r\n\r\n* Update tests","fileTypesAndContributionMap":{"html":{"insertions":4,"deletions":2}}}]},{"date":"2023-03-08","commitResults":[{"hash":"60b18b9f9fb41400faa8e0ccdb1bd050f9b60bce","messageTitle":"[#12081] User-friendliness: Fix numerical scale question table in view responses page (#12174)","messageBody":"* Fix summary header tables on mobile\r\n\r\n* Temp solution to tables\r\n\r\n* Make table headers interactive\r\n\r\n* Lint and tests\r\n\r\n* Fix table button\r\n\r\n* Split into 2 cases","fileTypesAndContributionMap":{"scss":{"insertions":19,"deletions":0},"html":{"insertions":12,"deletions":8},"ts":{"insertions":7,"deletions":0}}},{"hash":"d8c187b0316b8e6ddff313e79efc22a37db68216","messageTitle":"Fix dropdown caret overlap (#12179)","messageBody":"","fileTypesAndContributionMap":{"scss":{"insertions":4,"deletions":0},"html":{"insertions":1,"deletions":1}}}]},{"date":"2023-03-13","commitResults":[{"hash":"2a2c75d55542c8772514f4075e3cbffb2d41a739","messageTitle":"Change text colour (#12200)","messageBody":"","fileTypesAndContributionMap":{"html":{"insertions":1,"deletions":1}}}]},{"date":"2023-03-16","commitResults":[{"hash":"8cfd8990332b5b8f524f23854b7ed7605dc45da2","messageTitle":"[#12081] User-friendliness: Fix feedback path dropdown (#12207)","messageBody":"* Shift submenu to bottom\r\n\r\n* Clean up code\r\n\r\n* Change to buttons for accessibility and update chevron\r\n\r\n* Fix screenreader focus\r\n\r\n* Lint and test\r\n\r\n* Fix mobile overflow\r\n\r\n* Fix lint issues\r\n\r\n* Remove aria-label and update tests\r\n\r\n* Fix attempt for E2E tests\r\n\r\n* Update tests\r\n\r\n* Refine E2E change","fileTypesAndContributionMap":{"java":{"insertions":1,"deletions":1},"scss":{"insertions":7,"deletions":0},"html":{"insertions":18,"deletions":11},"ts":{"insertions":18,"deletions":0}}}]},{"date":"2023-03-17","commitResults":[{"hash":"ebb669318f7ba850c2f16b1e43d1b7497c6545fe","messageTitle":"[#12081] User-friendliness: Fix custom visibility options (#12209)","messageBody":"* Fix custom visibility options\r\n\r\n* Lint and tests\r\n\r\n* Add more labels and update tests\r\n\r\n* Fix attempt for E2E tests\r\n\r\n* Refine aria label function logic\r\n\r\n* Fix lint issues\r\n\r\n* E2E issues\r\n\r\n* E2E fix","fileTypesAndContributionMap":{"java":{"insertions":1,"deletions":1},"scss":{"insertions":7,"deletions":0},"html":{"insertions":10,"deletions":6},"ts":{"insertions":20,"deletions":0}}}]},{"date":"2023-03-18","commitResults":[{"hash":"7e1a1c7e17c60ce505a6e25d3366cd99d4b05e84","messageTitle":"[#12081] User-friendliness: Fix screen reader issue for question description (#12219)","messageBody":"* Fix screen reader issue\r\n\r\n* Test and lint","fileTypesAndContributionMap":{"scss":{"insertions":7,"deletions":0},"html":{"insertions":4,"deletions":1}}}]},{"date":"2023-03-19","commitResults":[{"hash":"0642ee9f9103a83eca22483571121022dde7ef35","messageTitle":"[#12081] User-friendliness: Add labels to input for essay question (instructor edit sessions page) (#12220)","messageBody":"* Add labels\r\n\r\n* update tests\r\n\r\n* add label\r\n\r\n* update tests","fileTypesAndContributionMap":{"html":{"insertions":9,"deletions":8}}}]}],"EuniceSim142":[],"hhdqirui":[{"date":"2023-01-21","commitResults":[{"hash":"695f2bde922e9cd507cc2532b40779de7e536d1f","messageTitle":"[#12029] Fix team members cannot see responses received by team issue and add relevant tests (#12032)","messageBody":"","fileTypesAndContributionMap":{"java":{"insertions":70,"deletions":5}}}]}],"kevin9foong":[]},"authorFileTypeContributionMap":{"domlimm":{"java":0,"js":0,"scss":0,"md":0,"py":0,"tag":0,"html":1,"ts":34},"cedricongjh":{"java":0,"js":0,"scss":0,"md":0,"py":0,"tag":0,"html":2,"ts":5},"jasonqiu212":{"java":49,"js":0,"scss":15,"md":0,"py":0,"tag":0,"html":59,"ts":22},"weiquu":{"java":2,"js":0,"scss":92,"md":0,"py":0,"tag":0,"html":79,"ts":102},"EuniceSim142":{"java":0,"js":0,"scss":0,"md":0,"py":0,"tag":0,"html":0,"ts":0},"hhdqirui":{"java":70,"js":0,"scss":0,"md":0,"py":0,"tag":0,"html":0,"ts":0},"kevin9foong":{"java":0,"js":0,"scss":0,"md":0,"py":0,"tag":0,"html":0,"ts":0}},"authorContributionVariance":{"domlimm":15.890554,"cedricongjh":0.72966814,"jasonqiu212":510.41345,"weiquu":3586.9578,"EuniceSim142":0.0,"hhdqirui":50.671474,"kevin9foong":0.0},"authorDisplayNameMap":{"domlimm":"DOMI.. JUN","cedricongjh":"ONG ..DRIC","jasonqiu212":"QIU ..ASON","weiquu":"NEO ..QING","EuniceSim142":"SIM ..NICE","hhdqirui":"WU Q..IRUI","kevin9foong":"KEVI..TONG"}}
