{"authorDailyContributionsMap":{"domlimm":[{"date":"2022-12-26","commitResults":[{"hash":"a40b94efaf5099cd3e03501aec8c2e06e40ab33e","messageTitle":"[#11876] Improve UX of Progress Bars (#12008)","messageBody":"","fileTypesAndContributionMap":{"ts":{"insertions":1,"deletions":1}}},{"hash":"96ea1f324738adc0d84cd947e3130fc724a9a4c5","messageTitle":"[#11869] Student: Enhance UX when submitting response for a feedback question (#11942)","messageBody":"","fileTypesAndContributionMap":{"html":{"insertions":5,"deletions":2},"ts":{"insertions":33,"deletions":0}}}]}],"cedricongjh":[{"date":"2023-02-07","commitResults":[{"hash":"afff7a3e2cbcdfc217b8aec6a2d83aed118ef448","messageTitle":"[#11853] Add stricter checks for potentially destructive question edits (#12030)","messageBody":"* Add FeedbackSessionPublishStatus enum to instructor session edit page\r\n\r\n* Add session publish status as a check for warning message when editing questions\r\n\r\n* Update snapshot testing for question edit form and session edit page\r\n\r\n---------\r\n\r\nCo-authored-by: wuqirui \u003c53338059+hhdqirui@users.noreply.github.com\u003e","fileTypesAndContributionMap":{"html":{"insertions":2,"deletions":1},"ts":{"insertions":5,"deletions":1}}}]}],"jasonqiu212":[{"date":"2023-03-24","commitResults":[{"hash":"075361e67da6102d618872869a479bc2e1a687d5","messageTitle":"[#12081] User-friendliness: Make header dropdowns focusable (#12105)","messageBody":"* Make dropdowns in menu bar focusable\r\n\r\n* Fix unequal margins in dropdown list in menu bar\r\n\r\n* Fix lint","fileTypesAndContributionMap":{"scss":{"insertions":1,"deletions":0},"html":{"insertions":3,"deletions":3}}},{"hash":"0e1f571431f6f9df6dd9b1d28b6562f8c2e186ca","messageTitle":"[#12081] User-friendliness: Landmark questions in feedback sessions results page (#12129)","messageBody":"* Make [more] button in feedback sessions result page focusable\r\n\r\n* Use headings for question number in feedback sessions result page\r\n\r\n* Edit snapshot tests\r\n\r\n* Change h3 to h2 tag and remove \u003cb\u003e tags\r\n\r\n* Change additional info from link to button","fileTypesAndContributionMap":{"java":{"insertions":1,"deletions":1},"scss":{"insertions":6,"deletions":0},"html":{"insertions":8,"deletions":8},"ts":{"insertions":1,"deletions":1}}},{"hash":"b9ef6757180e58bda8c785f2c2561f7ecb352e79","messageTitle":"[#12081] User-friendliness: Fix evaluee/recipient mobile text wrap (#12139)","messageBody":"* Fix mobile text wrap for evaluee/recipient\n\n* Align Evaluee/Recipient to left\n\n* Fix lint\n","fileTypesAndContributionMap":{"scss":{"insertions":0,"deletions":12},"html":{"insertions":93,"deletions":95}}},{"hash":"ed6193e6f19efde6626d91eccac4d300a68879ee","messageTitle":"[#12081] Add labels for MCQ questions (#12147)","messageBody":"","fileTypesAndContributionMap":{"html":{"insertions":2,"deletions":1}}},{"hash":"a7170221c1a8e1ee20711794c3b967ac9b9e8f3c","messageTitle":"[#12081] Add labels for numerical scale questions (#12148)","messageBody":"","fileTypesAndContributionMap":{"html":{"insertions":2,"deletions":1}}},{"hash":"6979ad1e30ee1591082fc9239bb7502112810d17","messageTitle":"[#12081] User-friendliness: Add labels for distribute points by recipient questions (#12150)","messageBody":"* Add labels for distribute points by recipient questions\r\n\r\n* Fix dropdown for questions with constraints\r\n\r\n* Make method name for toggling question submission form dropdown more specific","fileTypesAndContributionMap":{"html":{"insertions":6,"deletions":3},"ts":{"insertions":2,"deletions":1}}},{"hash":"fa7aee1cd48223e18ca005083cd730f0c7339d72","messageTitle":"[#12081] User-friendliness: Add labels to rank options questions (#12172)","messageBody":"* Add labels to rank options questions\r\n\r\n* Add grouping by recipients\r\n\r\n* Add empty space at end of file","fileTypesAndContributionMap":{"html":{"insertions":25,"deletions":21},"ts":{"insertions":5,"deletions":0}}},{"hash":"22fbd3021980920f16e172407b7e554e3bb5c063","messageTitle":"[#12081] User-friendliness: Add labels to rubric questions (#12155)","messageBody":"* Add labels and groups to rubric questions\r\n\r\n* Fix lint\r\n\r\n* Fix tests\r\n\r\n* Fix labels for tables with two headers\r\n\r\n* Remove redundant dash for choices without description\r\n\r\n* Add e2e tests for table row and column headers","fileTypesAndContributionMap":{"java":{"insertions":54,"deletions":14},"html":{"insertions":26,"deletions":11},"ts":{"insertions":10,"deletions":0}}},{"hash":"6655d042c9a2f544fbed2941e4481617f0b8e71f","messageTitle":"[#12081] Modify header of card to display content in column for mobile (#12197)","messageBody":"","fileTypesAndContributionMap":{"scss":{"insertions":0,"deletions":8},"html":{"insertions":7,"deletions":7}}},{"hash":"ecb148234d6553399544828a8eb5ac8d44184347","messageTitle":"[#12081] User-friendliness: Make rubric question response table mobile responsive (#12201)","messageBody":"* Make rubric question response table mobile responsive\r\n\r\n* Add selected aria-label for response rubric question table","fileTypesAndContributionMap":{"html":{"insertions":2,"deletions":2}}},{"hash":"109645dcc34a0110d69ce42a8cecc2dd4f66f638","messageTitle":"[#12081] Create unique id for rubric table cell (#12205)","messageBody":"","fileTypesAndContributionMap":{"html":{"insertions":9,"deletions":8},"ts":{"insertions":4,"deletions":0}}},{"hash":"27c085312d3afc02c281d638943e6a7c1e5af9dd","messageTitle":"[#12081] Minimise modal margin for mobile (#12225)","messageBody":"","fileTypesAndContributionMap":{"scss":{"insertions":11,"deletions":5}}},{"hash":"761513d59fd6005ff7b65bd6bb5c9d523ef8c2d4","messageTitle":"[#12081] Modify question headers for instructor  (#12228)","messageBody":"* Modify question headers in instructor edit sessions page\r\n\r\n* Fix tests\r\n\r\n* Fix e2e tests","fileTypesAndContributionMap":{"java":{"insertions":1,"deletions":2},"scss":{"insertions":5,"deletions":0},"html":{"insertions":12,"deletions":10}}}]}],"weiquu":[{"date":"2023-02-28","commitResults":[{"hash":"7e3ba925ec86f186deb4bdc611a24d449db51815","messageTitle":"[#12145] Resolve width issue for num scale question (#12146)","messageBody":"","fileTypesAndContributionMap":{"html":{"insertions":1,"deletions":1}}}]},{"date":"2023-03-24","commitResults":[{"hash":"96d2c33d0958506e2d6863b08de1981d42fe38c2","messageTitle":"[#12081] User-friendliness: Fix margins on mobile (#12096)","messageBody":"* Redo all changes over the last few days\n\n* Missed out a few changes\n\n* Resolve comments\n\n* Update tests\n","fileTypesAndContributionMap":{"scss":{"insertions":51,"deletions":3},"html":{"insertions":210,"deletions":212}}},{"hash":"e9c1f58c28db3ca955034cd68eb3559e95fa48d3","messageTitle":"[#12081] Landmark questions in submit feedback page (#12104)","messageBody":"* Landmark questions by making them headings\n\n* Update tests\n\n* Make questions collapsible\n\n* Make question cards interactable\n\n* Resolve comments\n\n* Fix E2E issues\n\n* Fix lint issues\n\n* typo\n\n* lint again\n","fileTypesAndContributionMap":{"scss":{"insertions":11,"deletions":0},"html":{"insertions":183,"deletions":178},"ts":{"insertions":29,"deletions":0}}},{"hash":"f2431e5cde2de7e531f476124d8506a736b7590b","messageTitle":"[#12081] User-friendliness: Add label to text input for essay questions (#12140)","messageBody":"* Add labels for text question responses\r\n\r\n* Another merge conflict","fileTypesAndContributionMap":{"html":{"insertions":3,"deletions":2},"ts":{"insertions":14,"deletions":1}}},{"hash":"0178a9b01be714feecc620de25ed585307546333","messageTitle":"[#12081] User-friendliness: Add labels for MSQ checkboxes (#12144)","messageBody":"* Add labels for MSQ checkboxes\r\n\r\n* Shift to question edit form","fileTypesAndContributionMap":{"html":{"insertions":2,"deletions":1},"ts":{"insertions":14,"deletions":14}}},{"hash":"3292185c16ebab5214963234be8d209af09af021","messageTitle":"[#12081] Add labels and groups to distribute points (options) (#12149)","messageBody":"","fileTypesAndContributionMap":{"html":{"insertions":43,"deletions":39},"ts":{"insertions":5,"deletions":0}}},{"hash":"4adbb0f74c71cc8240e65e9f30cae038e22f7a8d","messageTitle":"[#12081] User-friendliness: Add labels and change \"more info\" button for team contribution questions (#12153)","messageBody":"* Add labels and change button\n\n* Update tests\n","fileTypesAndContributionMap":{"html":{"insertions":14,"deletions":18},"ts":{"insertions":11,"deletions":13}}},{"hash":"d0f3e2bfdb567d052bbfc0952f7afe56022e1238","messageTitle":"[#12081] User-friendliness: Add label to rank recipients question (#12167)","messageBody":"* Add label to rank recipients question\r\n\r\n* Update tests","fileTypesAndContributionMap":{"html":{"insertions":4,"deletions":2}}},{"hash":"f3edd932e0ad975beb00f4bcd902da3ee1c4afa3","messageTitle":"[#12081] User-friendliness: Fix numerical scale question table in view responses page (#12174)","messageBody":"* Fix summary header tables on mobile\r\n\r\n* Temp solution to tables\r\n\r\n* Make table headers interactive\r\n\r\n* Lint and tests\r\n\r\n* Fix table button\r\n\r\n* Split into 2 cases","fileTypesAndContributionMap":{"scss":{"insertions":19,"deletions":0},"html":{"insertions":12,"deletions":8},"ts":{"insertions":7,"deletions":0}}},{"hash":"143c91e1900ae8aa2422d30524176e472debea32","messageTitle":"[#12081] Fix dropdown caret overlap (#12179)","messageBody":"","fileTypesAndContributionMap":{"scss":{"insertions":4,"deletions":0},"html":{"insertions":1,"deletions":1}}},{"hash":"bd142ce817f9affd2d8631eb72786328e91911f7","messageTitle":"[#12081] Change text colour (#12200)","messageBody":"","fileTypesAndContributionMap":{"html":{"insertions":1,"deletions":1}}},{"hash":"6ccdef77050a1f61913db032b67d006d74d13ff0","messageTitle":"[#12081] User-friendliness: Fix feedback path dropdown (#12207)","messageBody":"* Shift submenu to bottom\r\n\r\n* Clean up code\r\n\r\n* Change to buttons for accessibility and update chevron\r\n\r\n* Fix screenreader focus\r\n\r\n* Lint and test\r\n\r\n* Fix mobile overflow\r\n\r\n* Fix lint issues\r\n\r\n* Remove aria-label and update tests\r\n\r\n* Fix attempt for E2E tests\r\n\r\n* Update tests\r\n\r\n* Refine E2E change","fileTypesAndContributionMap":{"java":{"insertions":1,"deletions":1},"scss":{"insertions":7,"deletions":0},"html":{"insertions":18,"deletions":11},"ts":{"insertions":18,"deletions":0}}},{"hash":"ee27fb64ac82dea78a895e9a42ed58def3ee903e","messageTitle":"[#12081] User-friendliness: Fix custom visibility options (#12209)","messageBody":"* Fix custom visibility options\r\n\r\n* Lint and tests\r\n\r\n* Add more labels and update tests\r\n\r\n* Fix attempt for E2E tests\r\n\r\n* Refine aria label function logic\r\n\r\n* Fix lint issues\r\n\r\n* E2E issues\r\n\r\n* E2E fix","fileTypesAndContributionMap":{"java":{"insertions":1,"deletions":1},"scss":{"insertions":7,"deletions":0},"html":{"insertions":10,"deletions":6},"ts":{"insertions":20,"deletions":0}}},{"hash":"fa6f2a84f82bec5014cb12d45080164a0e6c2766","messageTitle":"[#12081] User-friendliness: Fix screen reader issue for question description (#12219)","messageBody":"* Fix screen reader issue\r\n\r\n* Test and lint","fileTypesAndContributionMap":{"scss":{"insertions":7,"deletions":0},"html":{"insertions":4,"deletions":1}}},{"hash":"40aaac26708de1284740eab02d002b2ebbe38a90","messageTitle":"[#12081] User-friendliness: Add labels to input for essay question (instructor edit sessions page) (#12220)","messageBody":"* Add labels\r\n\r\n* update tests\r\n\r\n* add label\r\n\r\n* update tests","fileTypesAndContributionMap":{"html":{"insertions":9,"deletions":8}}},{"hash":"f6d47ec7ba30058fce37b9d81321d2e99b9c7237","messageTitle":"[#12081] User-friendliness: Fix instructor edit sessions page MCQ and MSQ (#12236)","messageBody":"* update mcq to look like msq\r\n\r\n* attempt 1\r\n\r\n* Fix MCQ question\r\n\r\n* MSQ\r\n\r\n* Fix margins and aria-hidden\r\n\r\n* labels\r\n\r\n* update tests\r\n\r\n* Labels\r\n\r\n* Tests\r\n\r\n* Remove extra br and tabindex\r\n\r\n* update tests","fileTypesAndContributionMap":{"scss":{"insertions":0,"deletions":8},"html":{"insertions":131,"deletions":133}}}]}],"EuniceSim142":[],"hhdqirui":[{"date":"2023-01-21","commitResults":[{"hash":"695f2bde922e9cd507cc2532b40779de7e536d1f","messageTitle":"[#12029] Fix team members cannot see responses received by team issue and add relevant tests (#12032)","messageBody":"","fileTypesAndContributionMap":{"java":{"insertions":70,"deletions":5}}}]}],"kevin9foong":[]},"authorFileTypeContributionMap":{"domlimm":{"java":0,"js":0,"scss":0,"md":0,"py":0,"tag":0,"html":1,"ts":34},"cedricongjh":{"java":0,"js":0,"scss":0,"md":0,"py":0,"tag":0,"html":2,"ts":5},"jasonqiu212":{"java":48,"js":0,"scss":20,"md":0,"py":0,"tag":0,"html":68,"ts":22},"weiquu":{"java":2,"js":0,"scss":92,"md":0,"py":0,"tag":0,"html":148,"ts":102},"EuniceSim142":{"java":0,"js":0,"scss":0,"md":0,"py":0,"tag":0,"html":0,"ts":0},"hhdqirui":{"java":70,"js":0,"scss":0,"md":0,"py":0,"tag":0,"html":0,"ts":0},"kevin9foong":{"java":0,"js":0,"scss":0,"md":0,"py":0,"tag":0,"html":0,"ts":0}},"authorContributionVariance":{"domlimm":15.337957,"cedricongjh":0.7042939,"jasonqiu212":2261.565,"weiquu":20433.547,"EuniceSim142":0.0,"hhdqirui":48.909164,"kevin9foong":0.0},"authorDisplayNameMap":{"domlimm":"DOMI.. JUN","cedricongjh":"ONG ..DRIC","jasonqiu212":"QIU ..ASON","weiquu":"NEO ..QING","EuniceSim142":"SIM ..NICE","hhdqirui":"WU Q..IRUI","kevin9foong":"KEVI..TONG"}}
