{"authorDailyContributionsMap":{"domlimm":[{"date":"2022-12-26","commitResults":[{"hash":"a40b94efaf5099cd3e03501aec8c2e06e40ab33e","messageTitle":"[#11876] Improve UX of Progress Bars (#12008)","messageBody":"","fileTypesAndContributionMap":{"ts":{"insertions":1,"deletions":1}}},{"hash":"96ea1f324738adc0d84cd947e3130fc724a9a4c5","messageTitle":"[#11869] Student: Enhance UX when submitting response for a feedback question (#11942)","messageBody":"","fileTypesAndContributionMap":{"html":{"insertions":5,"deletions":2},"ts":{"insertions":33,"deletions":0}}}]}],"cedricongjh":[{"date":"2023-02-07","commitResults":[{"hash":"afff7a3e2cbcdfc217b8aec6a2d83aed118ef448","messageTitle":"[#11853] Add stricter checks for potentially destructive question edits (#12030)","messageBody":"* Add FeedbackSessionPublishStatus enum to instructor session edit page\r\n\r\n* Add session publish status as a check for warning message when editing questions\r\n\r\n* Update snapshot testing for question edit form and session edit page\r\n\r\n---------\r\n\r\nCo-authored-by: wuqirui \u003c53338059+hhdqirui@users.noreply.github.com\u003e","fileTypesAndContributionMap":{"html":{"insertions":2,"deletions":1},"ts":{"insertions":5,"deletions":1}}}]}],"jasonqiu212":[{"date":"2023-02-20","commitResults":[{"hash":"78e51f43f2659fdafd2592aed86938c2da0178dd","messageTitle":"[#12081] User-friendliness: Make header dropdowns focusable (#12105)","messageBody":"* Make dropdowns in menu bar focusable\r\n\r\n* Fix unequal margins in dropdown list in menu bar\r\n\r\n* Fix lint","fileTypesAndContributionMap":{"scss":{"insertions":1,"deletions":0},"html":{"insertions":3,"deletions":3}}}]},{"date":"2023-02-26","commitResults":[{"hash":"adec083b248751d40d5cf4ae28af59eb4740cc6f","messageTitle":"[#12081] User-friendliness: Landmark questions in feedback sessions results page (#12129)","messageBody":"* Make [more] button in feedback sessions result page focusable\r\n\r\n* Use headings for question number in feedback sessions result page\r\n\r\n* Edit snapshot tests\r\n\r\n* Change h3 to h2 tag and remove \u003cb\u003e tags\r\n\r\n* Change additional info from link to button","fileTypesAndContributionMap":{"java":{"insertions":1,"deletions":1},"scss":{"insertions":6,"deletions":0},"html":{"insertions":8,"deletions":8},"ts":{"insertions":1,"deletions":1}}}]}],"weiquu":[{"date":"2023-02-19","commitResults":[{"hash":"02f87dd9ab0c6c7416c5dcce040e9eb260c63365","messageTitle":"[#12081] User-friendliness: Fix margins on mobile (#12096)","messageBody":"* Redo all changes over the last few days\r\n\r\n* Missed out a few changes\r\n\r\n* Resolve comments\r\n\r\n* Update tests","fileTypesAndContributionMap":{"scss":{"insertions":51,"deletions":3},"html":{"insertions":210,"deletions":212}}}]}],"EuniceSim142":[],"hhdqirui":[{"date":"2023-01-21","commitResults":[{"hash":"695f2bde922e9cd507cc2532b40779de7e536d1f","messageTitle":"[#12029] Fix team members cannot see responses received by team issue and add relevant tests (#12032)","messageBody":"","fileTypesAndContributionMap":{"java":{"insertions":70,"deletions":5}}}]}],"kevin9foong":[]},"authorFileTypeContributionMap":{"domlimm":{"java":0,"js":0,"scss":0,"md":0,"py":0,"tag":0,"html":3,"ts":34},"cedricongjh":{"java":0,"js":0,"scss":0,"md":0,"py":0,"tag":0,"html":2,"ts":5},"jasonqiu212":{"java":1,"js":0,"scss":7,"md":0,"py":0,"tag":0,"html":11,"ts":1},"weiquu":{"java":0,"js":0,"scss":46,"md":0,"py":0,"tag":0,"html":4,"ts":0},"EuniceSim142":{"java":0,"js":0,"scss":0,"md":0,"py":0,"tag":0,"html":0,"ts":0},"hhdqirui":{"java":70,"js":0,"scss":0,"md":0,"py":0,"tag":0,"html":0,"ts":0},"kevin9foong":{"java":0,"js":0,"scss":0,"md":0,"py":0,"tag":0,"html":0,"ts":0}},"authorContributionVariance":{"domlimm":19.817661,"cedricongjh":0.90999484,"jasonqiu212":8.098011,"weiquu":2545.4697,"EuniceSim142":0.0,"hhdqirui":63.194164,"kevin9foong":0.0},"authorDisplayNameMap":{"domlimm":"DOMI.. JUN","cedricongjh":"ONG ..DRIC","jasonqiu212":"QIU ..ASON","weiquu":"NEO ..QING","EuniceSim142":"SIM ..NICE","hhdqirui":"WU Q..IRUI","kevin9foong":"KEVI..TONG"}}
