[{"path":"src/app/core/models/templates/section-parsers/issue-dispute-section-parser.model.ts","fileType":"ts","lines":[{"lineNumber":1,"author":{"gitId":"-"},"content":"import { IssueDispute } from \u0027../../issue-dispute.model\u0027;"},{"lineNumber":2,"author":{"gitId":"-"},"content":""},{"lineNumber":3,"author":{"gitId":"-"},"content":"const { coroutine, everyCharUntil, optionalWhitespace, str } \u003d require(\u0027arcsecond\u0027);"},{"lineNumber":4,"author":{"gitId":"-"},"content":""},{"lineNumber":5,"author":{"gitId":"-"},"content":"const SECTION_TITLE_PREFIX \u003d \u0027## :question: \u0027;"},{"lineNumber":6,"author":{"gitId":"-"},"content":"const TEAM_SAYS_HEADER \u003d \u0027### Team says:\u0027;"},{"lineNumber":7,"author":{"gitId":"cheehongw"},"content":"const LINE_SEPARATOR \u003d \u0027\u003ccatcher-end-of-segment\u003e\u003chr\u003e\u0027;"},{"lineNumber":8,"author":{"gitId":"-"},"content":""},{"lineNumber":9,"author":{"gitId":"-"},"content":"export const IssueDisputeSectionParser \u003d coroutine(function* () {"},{"lineNumber":10,"author":{"gitId":"-"},"content":"  yield str(SECTION_TITLE_PREFIX);"},{"lineNumber":11,"author":{"gitId":"-"},"content":"  const title \u003d yield everyCharUntil(str(TEAM_SAYS_HEADER));"},{"lineNumber":12,"author":{"gitId":"-"},"content":""},{"lineNumber":13,"author":{"gitId":"-"},"content":"  const description \u003d yield everyCharUntil(str(LINE_SEPARATOR));"},{"lineNumber":14,"author":{"gitId":"-"},"content":"  yield str(LINE_SEPARATOR);"},{"lineNumber":15,"author":{"gitId":"-"},"content":"  yield optionalWhitespace;"},{"lineNumber":16,"author":{"gitId":"-"},"content":""},{"lineNumber":17,"author":{"gitId":"-"},"content":"  return new IssueDispute(title.trim(), description.trim());"},{"lineNumber":18,"author":{"gitId":"-"},"content":"});"}],"authorContributionMap":{"-":17,"cheehongw":1}},{"path":"src/app/core/models/templates/section-parsers/moderation-section-parser.model.ts","fileType":"ts","lines":[{"lineNumber":1,"author":{"gitId":"-"},"content":"import { Checkbox } from \u0027../../checkbox.model\u0027;"},{"lineNumber":2,"author":{"gitId":"-"},"content":"import { IssueDispute } from \u0027../../issue-dispute.model\u0027;"},{"lineNumber":3,"author":{"gitId":"-"},"content":"import { buildCheckboxParser } from \u0027./common-parsers.model\u0027;"},{"lineNumber":4,"author":{"gitId":"-"},"content":""},{"lineNumber":5,"author":{"gitId":"-"},"content":"const { coroutine, everyCharUntil, lookAhead, optionalWhitespace, str, whitespace } \u003d require(\u0027arcsecond\u0027);"},{"lineNumber":6,"author":{"gitId":"-"},"content":""},{"lineNumber":7,"author":{"gitId":"-"},"content":"const SECTION_TITLE_PREFIX \u003d \u0027## :question: \u0027;"},{"lineNumber":8,"author":{"gitId":"-"},"content":"const DONE_CHECKBOX_DESCRIPTION \u003d \u0027Done\u0027;"},{"lineNumber":9,"author":{"gitId":"cheehongw"},"content":"const LINE_SEPARATOR \u003d \u0027\u003ccatcher-end-of-segment\u003e\u003chr\u003e\u0027;"},{"lineNumber":10,"author":{"gitId":"-"},"content":""},{"lineNumber":11,"author":{"gitId":"-"},"content":"export const DoneCheckboxParser \u003d buildCheckboxParser(DONE_CHECKBOX_DESCRIPTION);"},{"lineNumber":12,"author":{"gitId":"-"},"content":""},{"lineNumber":13,"author":{"gitId":"-"},"content":"export const ModerationSectionParser \u003d coroutine(function* () {"},{"lineNumber":14,"author":{"gitId":"-"},"content":"  yield str(SECTION_TITLE_PREFIX);"},{"lineNumber":15,"author":{"gitId":"-"},"content":"  const title \u003d yield everyCharUntil(str(\u0027- [\u0027)); // every char until the done checkbox"},{"lineNumber":16,"author":{"gitId":"-"},"content":""},{"lineNumber":17,"author":{"gitId":"-"},"content":"  const description \u003d yield lookAhead(everyCharUntil(str(LINE_SEPARATOR)));"},{"lineNumber":18,"author":{"gitId":"-"},"content":""},{"lineNumber":19,"author":{"gitId":"-"},"content":"  const doneCheckboxValue \u003d yield DoneCheckboxParser;"},{"lineNumber":20,"author":{"gitId":"-"},"content":"  yield whitespace;"},{"lineNumber":21,"author":{"gitId":"-"},"content":"  const tutorResponse \u003d yield everyCharUntil(str(LINE_SEPARATOR));"},{"lineNumber":22,"author":{"gitId":"-"},"content":"  yield str(LINE_SEPARATOR);"},{"lineNumber":23,"author":{"gitId":"-"},"content":"  yield optionalWhitespace;"},{"lineNumber":24,"author":{"gitId":"-"},"content":""},{"lineNumber":25,"author":{"gitId":"-"},"content":"  const dispute \u003d new IssueDispute(title.trim(), description.trim());"},{"lineNumber":26,"author":{"gitId":"-"},"content":"  dispute.todo \u003d new Checkbox(DONE_CHECKBOX_DESCRIPTION, doneCheckboxValue);"},{"lineNumber":27,"author":{"gitId":"-"},"content":"  dispute.tutorResponse \u003d tutorResponse.trim();"},{"lineNumber":28,"author":{"gitId":"-"},"content":""},{"lineNumber":29,"author":{"gitId":"-"},"content":"  return dispute;"},{"lineNumber":30,"author":{"gitId":"-"},"content":"});"}],"authorContributionMap":{"-":29,"cheehongw":1}},{"path":"src/app/core/models/templates/section-parsers/tester-response-section-parser.model.ts","fileType":"ts","lines":[{"lineNumber":1,"author":{"gitId":"-"},"content":"import { buildCheckboxParser } from \u0027./common-parsers.model\u0027;"},{"lineNumber":2,"author":{"gitId":"-"},"content":""},{"lineNumber":3,"author":{"gitId":"-"},"content":"const {"},{"lineNumber":4,"author":{"gitId":"-"},"content":"  between,"},{"lineNumber":5,"author":{"gitId":"-"},"content":"  coroutine,"},{"lineNumber":6,"author":{"gitId":"-"},"content":"  everyCharUntil,"},{"lineNumber":7,"author":{"gitId":"-"},"content":"  letters,"},{"lineNumber":8,"author":{"gitId":"-"},"content":"  lookAhead,"},{"lineNumber":9,"author":{"gitId":"-"},"content":"  optionalWhitespace,"},{"lineNumber":10,"author":{"gitId":"-"},"content":"  pipeParsers,"},{"lineNumber":11,"author":{"gitId":"-"},"content":"  possibly,"},{"lineNumber":12,"author":{"gitId":"-"},"content":"  str,"},{"lineNumber":13,"author":{"gitId":"-"},"content":"  whitespace"},{"lineNumber":14,"author":{"gitId":"-"},"content":"} \u003d require(\u0027arcsecond\u0027);"},{"lineNumber":15,"author":{"gitId":"-"},"content":""},{"lineNumber":16,"author":{"gitId":"-"},"content":"const SECTION_TITLE_PREFIX \u003d \u0027## :question: Issue \u0027;"},{"lineNumber":17,"author":{"gitId":"-"},"content":"const TEAM_CHOSE_PREFIX \u003d \u0027Team chose \u0027;"},{"lineNumber":18,"author":{"gitId":"-"},"content":"const TESTER_CHOSE_PREFIX \u003d \u0027Originally \u0027;"},{"lineNumber":19,"author":{"gitId":"-"},"content":"const DISAGREE_CHECKBOX_DESCRIPTION \u003d \u0027I disagree\u0027;"},{"lineNumber":20,"author":{"gitId":"-"},"content":"const DISAGREEMENT_REASON_PREFIX \u003d \u0027**Reason for disagreement:** \u0027;"},{"lineNumber":21,"author":{"gitId":"cheehongw"},"content":"const LINE_SEPARATOR \u003d \u0027\u003ccatcher-end-of-segment\u003e\u003chr\u003e\u0027;"},{"lineNumber":22,"author":{"gitId":"-"},"content":"const DUPLICATE_STATUS_MESSAGE \u003d"},{"lineNumber":23,"author":{"gitId":"-"},"content":"  \"Team chose to mark this issue as a duplicate of another issue (as explained in the _**Team\u0027s response**_ above)\";"},{"lineNumber":24,"author":{"gitId":"-"},"content":""},{"lineNumber":25,"author":{"gitId":"-"},"content":"export const DisagreeCheckboxParser \u003d buildCheckboxParser(DISAGREE_CHECKBOX_DESCRIPTION);"},{"lineNumber":26,"author":{"gitId":"-"},"content":""},{"lineNumber":27,"author":{"gitId":"-"},"content":"function buildExtractResponseParser(category: string) {"},{"lineNumber":28,"author":{"gitId":"-"},"content":"  return between(str(\u0027[`\u0027 + category + \u0027.\u0027))(str(\u0027`]\u0027))(letters);"},{"lineNumber":29,"author":{"gitId":"-"},"content":"}"},{"lineNumber":30,"author":{"gitId":"-"},"content":""},{"lineNumber":31,"author":{"gitId":"-"},"content":"function buildTeamResponseParser(category: string) {"},{"lineNumber":32,"author":{"gitId":"-"},"content":"  const extractResponseParser \u003d buildExtractResponseParser(category);"},{"lineNumber":33,"author":{"gitId":"-"},"content":""},{"lineNumber":34,"author":{"gitId":"-"},"content":"  return pipeParsers([str(TEAM_CHOSE_PREFIX), extractResponseParser]);"},{"lineNumber":35,"author":{"gitId":"-"},"content":"}"},{"lineNumber":36,"author":{"gitId":"-"},"content":""},{"lineNumber":37,"author":{"gitId":"-"},"content":"function buildTesterResponseParser(category: string) {"},{"lineNumber":38,"author":{"gitId":"-"},"content":"  const extractResponseParser \u003d buildExtractResponseParser(category);"},{"lineNumber":39,"author":{"gitId":"-"},"content":""},{"lineNumber":40,"author":{"gitId":"-"},"content":"  return pipeParsers([str(TESTER_CHOSE_PREFIX), extractResponseParser]);"},{"lineNumber":41,"author":{"gitId":"-"},"content":"}"},{"lineNumber":42,"author":{"gitId":"-"},"content":""},{"lineNumber":43,"author":{"gitId":"-"},"content":"export const DisagreeReasonParser \u003d coroutine(function* () {"},{"lineNumber":44,"author":{"gitId":"-"},"content":"  yield str(DISAGREEMENT_REASON_PREFIX);"},{"lineNumber":45,"author":{"gitId":"-"},"content":"  const reasonForDisagreement \u003d yield everyCharUntil(str(LINE_SEPARATOR));"},{"lineNumber":46,"author":{"gitId":"-"},"content":"  yield str(LINE_SEPARATOR);"},{"lineNumber":47,"author":{"gitId":"-"},"content":""},{"lineNumber":48,"author":{"gitId":"-"},"content":"  return reasonForDisagreement.trim();"},{"lineNumber":49,"author":{"gitId":"-"},"content":"});"},{"lineNumber":50,"author":{"gitId":"-"},"content":""},{"lineNumber":51,"author":{"gitId":"-"},"content":"// Issue duplicate section has a different format than the other three"},{"lineNumber":52,"author":{"gitId":"-"},"content":"const DuplicateSectionParser \u003d coroutine(function* () {"},{"lineNumber":53,"author":{"gitId":"-"},"content":"  yield str(\u0027status\u0027);"},{"lineNumber":54,"author":{"gitId":"-"},"content":"  yield whitespace;"},{"lineNumber":55,"author":{"gitId":"-"},"content":"  yield str(DUPLICATE_STATUS_MESSAGE);"},{"lineNumber":56,"author":{"gitId":"-"},"content":"  yield whitespace;"},{"lineNumber":57,"author":{"gitId":"-"},"content":""},{"lineNumber":58,"author":{"gitId":"-"},"content":"  const disagreeCheckboxValue \u003d yield DisagreeCheckboxParser;"},{"lineNumber":59,"author":{"gitId":"-"},"content":"  yield whitespace;"},{"lineNumber":60,"author":{"gitId":"-"},"content":"  const reasonForDisagreement \u003d yield DisagreeReasonParser;"},{"lineNumber":61,"author":{"gitId":"-"},"content":""},{"lineNumber":62,"author":{"gitId":"-"},"content":"  return {"},{"lineNumber":63,"author":{"gitId":"-"},"content":"    disagreeCheckboxValue: disagreeCheckboxValue,"},{"lineNumber":64,"author":{"gitId":"-"},"content":"    reasonForDisagreement: reasonForDisagreement"},{"lineNumber":65,"author":{"gitId":"-"},"content":"  };"},{"lineNumber":66,"author":{"gitId":"-"},"content":"});"},{"lineNumber":67,"author":{"gitId":"-"},"content":""},{"lineNumber":68,"author":{"gitId":"-"},"content":"export const TesterResponseSectionParser \u003d coroutine(function* () {"},{"lineNumber":69,"author":{"gitId":"-"},"content":"  // section title"},{"lineNumber":70,"author":{"gitId":"-"},"content":"  yield str(SECTION_TITLE_PREFIX);"},{"lineNumber":71,"author":{"gitId":"-"},"content":"  const title \u003d yield letters;"},{"lineNumber":72,"author":{"gitId":"-"},"content":"  yield whitespace;"},{"lineNumber":73,"author":{"gitId":"-"},"content":""},{"lineNumber":74,"author":{"gitId":"-"},"content":"  if (title \u003d\u003d\u003d \u0027duplicate\u0027) {"},{"lineNumber":75,"author":{"gitId":"-"},"content":"    const dupSectionResult \u003d yield DuplicateSectionParser;"},{"lineNumber":76,"author":{"gitId":"-"},"content":"    yield optionalWhitespace;"},{"lineNumber":77,"author":{"gitId":"-"},"content":""},{"lineNumber":78,"author":{"gitId":"-"},"content":"    return {"},{"lineNumber":79,"author":{"gitId":"-"},"content":"      title: title + \u0027 status\u0027,"},{"lineNumber":80,"author":{"gitId":"-"},"content":"      description: DUPLICATE_STATUS_MESSAGE,"},{"lineNumber":81,"author":{"gitId":"-"},"content":"      teamChose: null,"},{"lineNumber":82,"author":{"gitId":"-"},"content":"      testerChose: null,"},{"lineNumber":83,"author":{"gitId":"-"},"content":"      disagreeCheckboxValue: dupSectionResult.disagreeCheckboxValue,"},{"lineNumber":84,"author":{"gitId":"-"},"content":"      reasonForDisagreement: dupSectionResult.reasonForDisagreement"},{"lineNumber":85,"author":{"gitId":"-"},"content":"    };"},{"lineNumber":86,"author":{"gitId":"-"},"content":"  }"},{"lineNumber":87,"author":{"gitId":"-"},"content":""},{"lineNumber":88,"author":{"gitId":"-"},"content":"  const description \u003d yield lookAhead(everyCharUntil(DisagreeCheckboxParser));"},{"lineNumber":89,"author":{"gitId":"-"},"content":""},{"lineNumber":90,"author":{"gitId":"-"},"content":"  // team and tester response"},{"lineNumber":91,"author":{"gitId":"-"},"content":"  const teamResponseParser \u003d buildTeamResponseParser(title);"},{"lineNumber":92,"author":{"gitId":"-"},"content":"  const testerResponseParser \u003d buildTesterResponseParser(title);"},{"lineNumber":93,"author":{"gitId":"-"},"content":""},{"lineNumber":94,"author":{"gitId":"-"},"content":"  const teamChose \u003d yield teamResponseParser;"},{"lineNumber":95,"author":{"gitId":"-"},"content":"  yield whitespace;"},{"lineNumber":96,"author":{"gitId":"-"},"content":"  // response section does not have tester response"},{"lineNumber":97,"author":{"gitId":"-"},"content":"  const testerChose \u003d yield possibly(testerResponseParser);"},{"lineNumber":98,"author":{"gitId":"-"},"content":"  yield optionalWhitespace;"},{"lineNumber":99,"author":{"gitId":"-"},"content":""},{"lineNumber":100,"author":{"gitId":"-"},"content":"  const disagreeCheckboxValue \u003d yield DisagreeCheckboxParser;"},{"lineNumber":101,"author":{"gitId":"-"},"content":"  yield whitespace;"},{"lineNumber":102,"author":{"gitId":"-"},"content":"  const reasonForDisagreement \u003d yield DisagreeReasonParser;"},{"lineNumber":103,"author":{"gitId":"-"},"content":"  yield optionalWhitespace;"},{"lineNumber":104,"author":{"gitId":"-"},"content":""},{"lineNumber":105,"author":{"gitId":"-"},"content":"  return {"},{"lineNumber":106,"author":{"gitId":"-"},"content":"    title: title,"},{"lineNumber":107,"author":{"gitId":"-"},"content":"    description: description.trim(),"},{"lineNumber":108,"author":{"gitId":"-"},"content":"    teamChose: teamChose,"},{"lineNumber":109,"author":{"gitId":"-"},"content":"    testerChose: testerChose,"},{"lineNumber":110,"author":{"gitId":"-"},"content":"    disagreeCheckboxValue: disagreeCheckboxValue,"},{"lineNumber":111,"author":{"gitId":"-"},"content":"    reasonForDisagreement: reasonForDisagreement"},{"lineNumber":112,"author":{"gitId":"-"},"content":"  };"},{"lineNumber":113,"author":{"gitId":"-"},"content":"});"}],"authorContributionMap":{"-":112,"cheehongw":1}},{"path":"tests/constants/githubcomment.constants.ts","fileType":"ts","lines":[{"lineNumber":1,"author":{"gitId":"-"},"content":"import { GithubComment } from \u0027../../src/app/core/models/github/github-comment.model\u0027;"},{"lineNumber":2,"author":{"gitId":"-"},"content":""},{"lineNumber":3,"author":{"gitId":"-"},"content":"export const EMPTY_TEAM_RESPONSE: GithubComment \u003d {"},{"lineNumber":4,"author":{"gitId":"-"},"content":"  body: \"# Team\u0027s Response\\n\" + \u0027\\n\u0027 + \u0027 ## Duplicate status (if any):\\n\u0027 + \u0027--\u0027,"},{"lineNumber":5,"author":{"gitId":"-"},"content":"  created_at: \u00272020-02-16T18:31:38Z\u0027,"},{"lineNumber":6,"author":{"gitId":"-"},"content":"  id: 586737495,"},{"lineNumber":7,"author":{"gitId":"-"},"content":"  issue_url: \u0027https://api.github.com/repos/CATcher-org/pe-results/issues/91\u0027,"},{"lineNumber":8,"author":{"gitId":"-"},"content":"  updated_at: \u00272020-03-02T12:50:02Z\u0027,"},{"lineNumber":9,"author":{"gitId":"-"},"content":"  url: \u0027https://api.github.com/repos/CATcher-org/pe-results/issues/comments/586737495\u0027,"},{"lineNumber":10,"author":{"gitId":"-"},"content":"  user: {"},{"lineNumber":11,"author":{"gitId":"-"},"content":"    login: \u0027testathorStudent\u0027,"},{"lineNumber":12,"author":{"gitId":"-"},"content":"    id: 46639862,"},{"lineNumber":13,"author":{"gitId":"-"},"content":"    avatar_url: \u0027https://avatars3.githubusercontent.com/u/46639862?v\u003d4\u0027,"},{"lineNumber":14,"author":{"gitId":"-"},"content":"    url: \u0027https://api.github.com/users/testathorStudent\u0027"},{"lineNumber":15,"author":{"gitId":"-"},"content":"  }"},{"lineNumber":16,"author":{"gitId":"-"},"content":"};"},{"lineNumber":17,"author":{"gitId":"-"},"content":""},{"lineNumber":18,"author":{"gitId":"-"},"content":"// Type and severity disagreeement"},{"lineNumber":19,"author":{"gitId":"-"},"content":"export const TEAM_RESPONSE_MULTIPLE_DISAGREEMENT \u003d {"},{"lineNumber":20,"author":{"gitId":"-"},"content":"  body:"},{"lineNumber":21,"author":{"gitId":"-"},"content":"    \u0027[IMPORTANT!: Please do not edit or reply to this comment using the GitHub UI. You can respond to it using CATcher during the next phase of the PE]\\n\\n\u0027 +"},{"lineNumber":22,"author":{"gitId":"-"},"content":"    \"# Team\u0027s Response\\n\" +"},{"lineNumber":23,"author":{"gitId":"-"},"content":"    \u0027This is a dummy team response comment: \u0027 +"},{"lineNumber":24,"author":{"gitId":"-"},"content":"    \u0027Thanks for the feedback\\n\\n\u0027 +"},{"lineNumber":25,"author":{"gitId":"-"},"content":"    \u0027# Items for the Tester to Verify\\n\\n\u0027 +"},{"lineNumber":26,"author":{"gitId":"-"},"content":"    \u0027## :question: Issue severity\\n\\n\u0027 +"},{"lineNumber":27,"author":{"gitId":"-"},"content":"    \u0027Team chose [`severity.Low`]\\n\u0027 +"},{"lineNumber":28,"author":{"gitId":"-"},"content":"    \u0027Originally [`severity.High`]\\n\\n\u0027 +"},{"lineNumber":29,"author":{"gitId":"-"},"content":"    \u0027- [ ] I disagree\\n\\n\u0027 +"},{"lineNumber":30,"author":{"gitId":"-"},"content":"    \u0027**Reason for disagreement:** [replace this with your reason]\\n\\n\u0027 +"},{"lineNumber":31,"author":{"gitId":"cheehongw"},"content":"    \u0027\u003ccatcher-end-of-segment\u003e\u003chr\u003e\\n\\n\u0027 +"},{"lineNumber":32,"author":{"gitId":"-"},"content":"    \u0027## :question: Issue type\\n\\n\u0027 +"},{"lineNumber":33,"author":{"gitId":"-"},"content":"    \u0027Team chose [`type.DocumentationBug`]\\n\u0027 +"},{"lineNumber":34,"author":{"gitId":"-"},"content":"    \u0027Originally [`type.FunctionalityBug`]\\n\\n\u0027 +"},{"lineNumber":35,"author":{"gitId":"-"},"content":"    \u0027- [ ] I disagree\\n\\n\u0027 +"},{"lineNumber":36,"author":{"gitId":"-"},"content":"    \u0027**Reason for disagreement:** [replace this with your reason]\\n\\n\u0027 +"},{"lineNumber":37,"author":{"gitId":"cheehongw"},"content":"    \u0027\u003ccatcher-end-of-segment\u003e\u003chr\u003e\u0027,"},{"lineNumber":38,"author":{"gitId":"-"},"content":"  created_at: \u00272021-06-29T17:15:11Z\u0027,"},{"lineNumber":39,"author":{"gitId":"-"},"content":"  id: 870774171,"},{"lineNumber":40,"author":{"gitId":"-"},"content":"  updated_at: \u00272021-06-29T17:15:11Z\u0027"},{"lineNumber":41,"author":{"gitId":"-"},"content":"} as GithubComment;"},{"lineNumber":42,"author":{"gitId":"-"},"content":""},{"lineNumber":43,"author":{"gitId":"-"},"content":"export const PENDING_TUTOR_MODERATION: GithubComment \u003d {"},{"lineNumber":44,"author":{"gitId":"-"},"content":"  body:"},{"lineNumber":45,"author":{"gitId":"-"},"content":"    \u0027# Tutor Moderation\\n\\n\u0027 +"},{"lineNumber":46,"author":{"gitId":"cheehongw"},"content":"    \u0027## :question: Issue Type\\n\\n- [x] Done\\n\\ntest\\n\\n\u003ccatcher-end-of-segment\u003e\u003chr\u003e\\n\u0027 +"},{"lineNumber":47,"author":{"gitId":"-"},"content":"    \u0027## :question: Issue Severity\\n\\n- [ ] Done\\n\\n\u0027 +"},{"lineNumber":48,"author":{"gitId":"cheehongw"},"content":"    \u0027[replace this with your explanation]\\n\\n\u003ccatcher-end-of-segment\u003e\u003chr\u003e\\n\u0027 +"},{"lineNumber":49,"author":{"gitId":"-"},"content":"    \u0027## :question: Not Related Question\\n\\n- [ ] Done\\n\\n\u0027 +"},{"lineNumber":50,"author":{"gitId":"cheehongw"},"content":"    \u0027[replace this with your explanation]\\n\\n\u003ccatcher-end-of-segment\u003e\u003chr\u003e\\n\u0027,"},{"lineNumber":51,"author":{"gitId":"-"},"content":"  created_at: \u00272020-08-15T06:39:24Z\u0027,"},{"lineNumber":52,"author":{"gitId":"-"},"content":"  id: 674357972,"},{"lineNumber":53,"author":{"gitId":"-"},"content":"  issue_url: \u0027https://api.github.com/repos/CATcher-org/pe-evaluation/issues/26\u0027,"},{"lineNumber":54,"author":{"gitId":"-"},"content":"  updated_at: \u00272020-08-15T06:39:40Z\u0027,"},{"lineNumber":55,"author":{"gitId":"-"},"content":"  url: \u0027https://api.github.com/repos/CATcher-org/pe-evaluation/issues/comments/674357972\u0027,"},{"lineNumber":56,"author":{"gitId":"-"},"content":"  user: {"},{"lineNumber":57,"author":{"gitId":"-"},"content":"    login: \u0027testathorTutor\u0027,"},{"lineNumber":58,"author":{"gitId":"-"},"content":"    id: 46640218,"},{"lineNumber":59,"author":{"gitId":"-"},"content":"    avatar_url: \u0027https://avatars2.githubusercontent.com/u/46640218?v\u003d4\u0027,"},{"lineNumber":60,"author":{"gitId":"-"},"content":"    url: \u0027https://api.github.com/users/testathorTutor\u0027"},{"lineNumber":61,"author":{"gitId":"-"},"content":"  }"},{"lineNumber":62,"author":{"gitId":"-"},"content":"};"}],"authorContributionMap":{"-":57,"cheehongw":5}},{"path":"tests/constants/githubissue.constants.ts","fileType":"ts","lines":[{"lineNumber":1,"author":{"gitId":"-"},"content":"import { IssueState } from \u0027../../graphql/graphql-types\u0027;"},{"lineNumber":2,"author":{"gitId":"-"},"content":"import { GithubIssue } from \u0027../../src/app/core/models/github/github-issue.model\u0027;"},{"lineNumber":3,"author":{"gitId":"-"},"content":"import { GithubLabel } from \u0027../../src/app/core/models/github/github-label.model\u0027;"},{"lineNumber":4,"author":{"gitId":"-"},"content":"import { USER_ANUBHAV, USER_SHUMING } from \u0027./data.constants\u0027;"},{"lineNumber":5,"author":{"gitId":"-"},"content":"import { EMPTY_TEAM_RESPONSE, PENDING_TUTOR_MODERATION } from \u0027./githubcomment.constants\u0027;"},{"lineNumber":6,"author":{"gitId":"-"},"content":"import {"},{"lineNumber":7,"author":{"gitId":"-"},"content":"  GITHUB_LABEL_DOCUMENTATION_BUG,"},{"lineNumber":8,"author":{"gitId":"-"},"content":"  GITHUB_LABEL_FEATURE_FLAW,"},{"lineNumber":9,"author":{"gitId":"-"},"content":"  GITHUB_LABEL_FUNCTIONALITY_BUG,"},{"lineNumber":10,"author":{"gitId":"-"},"content":"  GITHUB_LABEL_HIGH_SEVERITY,"},{"lineNumber":11,"author":{"gitId":"-"},"content":"  GITHUB_LABEL_LOW_SEVERITY,"},{"lineNumber":12,"author":{"gitId":"-"},"content":"  GITHUB_LABEL_MEDIUM_SEVERITY,"},{"lineNumber":13,"author":{"gitId":"-"},"content":"  GITHUB_LABEL_TEAM_LABEL,"},{"lineNumber":14,"author":{"gitId":"-"},"content":"  GITHUB_LABEL_TUTORIAL_LABEL"},{"lineNumber":15,"author":{"gitId":"-"},"content":"} from \u0027./githublabel.constants\u0027;"},{"lineNumber":16,"author":{"gitId":"-"},"content":""},{"lineNumber":17,"author":{"gitId":"-"},"content":"const randomId: () \u003d\u003e string \u003d () \u003d\u003e {"},{"lineNumber":18,"author":{"gitId":"-"},"content":"  return Math.floor(Math.random() * 1000000000).toString();"},{"lineNumber":19,"author":{"gitId":"-"},"content":"};"},{"lineNumber":20,"author":{"gitId":"-"},"content":""},{"lineNumber":21,"author":{"gitId":"-"},"content":"const randomIssueNumber: () \u003d\u003e number \u003d () \u003d\u003e {"},{"lineNumber":22,"author":{"gitId":"-"},"content":"  return Math.round(Math.random() * 1000);"},{"lineNumber":23,"author":{"gitId":"-"},"content":"};"},{"lineNumber":24,"author":{"gitId":"-"},"content":""},{"lineNumber":25,"author":{"gitId":"-"},"content":"const randomISODate: (startDate?: Date, endDate?: Date) \u003d\u003e string \u003d ("},{"lineNumber":26,"author":{"gitId":"-"},"content":"  startDate: Date \u003d new Date(2020, 1, 1),"},{"lineNumber":27,"author":{"gitId":"-"},"content":"  endDate: Date \u003d new Date()"},{"lineNumber":28,"author":{"gitId":"-"},"content":") \u003d\u003e {"},{"lineNumber":29,"author":{"gitId":"-"},"content":"  return new Date(startDate.getTime() + Math.random() * (startDate.getTime() - endDate.getTime())).toISOString();"},{"lineNumber":30,"author":{"gitId":"-"},"content":"};"},{"lineNumber":31,"author":{"gitId":"-"},"content":""},{"lineNumber":32,"author":{"gitId":"-"},"content":"const USER_ANUBHAV_DETAILS \u003d {"},{"lineNumber":33,"author":{"gitId":"-"},"content":"  login: USER_ANUBHAV.loginId,"},{"lineNumber":34,"author":{"gitId":"-"},"content":"  avatar_url: \u0027https://avatars1.githubusercontent.com/u/35621759?v\u003d4\u0027,"},{"lineNumber":35,"author":{"gitId":"-"},"content":"  url: \u0027https://api.github.com/users/anubh-v\u0027"},{"lineNumber":36,"author":{"gitId":"-"},"content":"};"},{"lineNumber":37,"author":{"gitId":"-"},"content":""},{"lineNumber":38,"author":{"gitId":"-"},"content":"const USER_ANUBHAV_ASSIGNEE_DETAILS \u003d {"},{"lineNumber":39,"author":{"gitId":"-"},"content":"  login: USER_ANUBHAV.loginId,"},{"lineNumber":40,"author":{"gitId":"-"},"content":"  id: 35621759,"},{"lineNumber":41,"author":{"gitId":"-"},"content":"  url: \u0027https://api.github.com/users/anubh-v\u0027"},{"lineNumber":42,"author":{"gitId":"-"},"content":"};"},{"lineNumber":43,"author":{"gitId":"-"},"content":""},{"lineNumber":44,"author":{"gitId":"-"},"content":"const USER_SHUMING_DETAILS \u003d {"},{"lineNumber":45,"author":{"gitId":"-"},"content":"  login: USER_SHUMING.loginId,"},{"lineNumber":46,"author":{"gitId":"-"},"content":"  avatar_url: \u0027https://avatars0.githubusercontent.com/u/43642522?v\u003d4\u0027,"},{"lineNumber":47,"author":{"gitId":"-"},"content":"  url: \u0027https://api.github.com/users/geshuming\u0027"},{"lineNumber":48,"author":{"gitId":"-"},"content":"};"},{"lineNumber":49,"author":{"gitId":"-"},"content":""},{"lineNumber":50,"author":{"gitId":"-"},"content":"const USER_SHUMING_ASSIGNEE_DETAILS \u003d {"},{"lineNumber":51,"author":{"gitId":"-"},"content":"  login: \u0027geshuming\u0027,"},{"lineNumber":52,"author":{"gitId":"-"},"content":"  id: 43642522,"},{"lineNumber":53,"author":{"gitId":"-"},"content":"  url: \u0027https://api.github.com/users/geshuming\u0027"},{"lineNumber":54,"author":{"gitId":"-"},"content":"};"},{"lineNumber":55,"author":{"gitId":"-"},"content":""},{"lineNumber":56,"author":{"gitId":"-"},"content":"const ISSUE_BODY \u003d"},{"lineNumber":57,"author":{"gitId":"-"},"content":"  \u0027# Issue Description\\n{original issue description}\\n\u0027 +"},{"lineNumber":58,"author":{"gitId":"-"},"content":"  \"# Team\u0027s Response\\n{team\u0027s response}\\n # Disputes\\n\\n\" +"},{"lineNumber":59,"author":{"gitId":"-"},"content":"  \"## :question: Issue Type\\n\\n### Team says:\\r\\n{the team\u0027s action that is being disputed}\\r\\n\\r\\n\" +"},{"lineNumber":60,"author":{"gitId":"cheehongw"},"content":"  \"### Tester says:\\r\\n{tester\u0027s objection}\\n\\n\u003ccatcher-end-of-segment\u003e\u003chr\u003e\\n## :question: Issue Severity\\n\\n\" +"},{"lineNumber":61,"author":{"gitId":"-"},"content":"  \"### Team says:\\r\\n{the team\u0027s action that is being disputed}\\r\\n\\r\\n\" +"},{"lineNumber":62,"author":{"gitId":"cheehongw"},"content":"  \"### Tester says:\\r\\n{tester\u0027s objection}\\n\\n\u003ccatcher-end-of-segment\u003e\u003chr\u003e\\n## :question: Not Related Question\\n\\n\" +"},{"lineNumber":63,"author":{"gitId":"-"},"content":"  \"### Team says:\\r\\n{the team\u0027s action that is being disputed}\\r\\n\\r\\n\" +"},{"lineNumber":64,"author":{"gitId":"cheehongw"},"content":"  \"### Tester says:\\r\\n{tester\u0027s objection}\\n\\n\u003ccatcher-end-of-segment\u003e\u003chr\u003e\\n\\n\";"},{"lineNumber":65,"author":{"gitId":"-"},"content":""},{"lineNumber":66,"author":{"gitId":"-"},"content":"export const ISSUE_WITH_EMPTY_DESCRIPTION \u003d new GithubIssue({"},{"lineNumber":67,"author":{"gitId":"-"},"content":"  id: \u0027574085971\u0027,"},{"lineNumber":68,"author":{"gitId":"-"},"content":"  number: 92,"},{"lineNumber":69,"author":{"gitId":"-"},"content":"  assignees: [],"},{"lineNumber":70,"author":{"gitId":"-"},"content":"  comments: [],"},{"lineNumber":71,"author":{"gitId":"-"},"content":"  body: \u0027\u0027,"},{"lineNumber":72,"author":{"gitId":"-"},"content":"  created_at: \u00272020-03-02T16:19:02Z\u0027,"},{"lineNumber":73,"author":{"gitId":"-"},"content":"  labels: [GITHUB_LABEL_TEAM_LABEL, GITHUB_LABEL_TUTORIAL_LABEL, GITHUB_LABEL_FUNCTIONALITY_BUG, GITHUB_LABEL_MEDIUM_SEVERITY],"},{"lineNumber":74,"author":{"gitId":"-"},"content":"  state: IssueState.Open,"},{"lineNumber":75,"author":{"gitId":"-"},"content":"  title: \u0027App starts to lag when given large amount of input\u0027,"},{"lineNumber":76,"author":{"gitId":"-"},"content":"  updated_at: \u00272020-03-13T13:37:32Z\u0027,"},{"lineNumber":77,"author":{"gitId":"-"},"content":"  url: \u0027https://api.github.com/repos/CATcher-org/pe-results/issues/92\u0027,"},{"lineNumber":78,"author":{"gitId":"-"},"content":"  user: USER_ANUBHAV_DETAILS"},{"lineNumber":79,"author":{"gitId":"-"},"content":"});"},{"lineNumber":80,"author":{"gitId":"-"},"content":""},{"lineNumber":81,"author":{"gitId":"-"},"content":"export const ISSUE_WITH_EMPTY_DESCRIPTION_LOW_SEVERITY \u003d new GithubIssue({"},{"lineNumber":82,"author":{"gitId":"-"},"content":"  id: \u0027384830567\u0027,"},{"lineNumber":83,"author":{"gitId":"-"},"content":"  number: 130,"},{"lineNumber":84,"author":{"gitId":"-"},"content":"  assignees: [],"},{"lineNumber":85,"author":{"gitId":"-"},"content":"  comments: [],"},{"lineNumber":86,"author":{"gitId":"-"},"content":"  body: \u0027\u0027,"},{"lineNumber":87,"author":{"gitId":"-"},"content":"  created_at: \u00272020-03-02T16:19:02Z\u0027,"},{"lineNumber":88,"author":{"gitId":"-"},"content":"  labels: [GITHUB_LABEL_TEAM_LABEL, GITHUB_LABEL_TUTORIAL_LABEL, GITHUB_LABEL_FEATURE_FLAW, GITHUB_LABEL_LOW_SEVERITY],"},{"lineNumber":89,"author":{"gitId":"-"},"content":"  state: IssueState.Open,"},{"lineNumber":90,"author":{"gitId":"-"},"content":"  title: \u0027App is sometimes slow\u0027,"},{"lineNumber":91,"author":{"gitId":"-"},"content":"  updated_at: \u00272020-03-13T13:37:32Z\u0027,"},{"lineNumber":92,"author":{"gitId":"-"},"content":"  url: \u0027https://api.github.com/repos/CATcher-org/pe-results/issues/130\u0027,"},{"lineNumber":93,"author":{"gitId":"-"},"content":"  user: USER_ANUBHAV_DETAILS"},{"lineNumber":94,"author":{"gitId":"-"},"content":"});"},{"lineNumber":95,"author":{"gitId":"-"},"content":""},{"lineNumber":96,"author":{"gitId":"-"},"content":"export const ISSUE_WITH_EMPTY_DESCRIPTION_HIGH_SEVERITY \u003d new GithubIssue({"},{"lineNumber":97,"author":{"gitId":"-"},"content":"  id: \u0027573957398\u0027,"},{"lineNumber":98,"author":{"gitId":"-"},"content":"  number: 32,"},{"lineNumber":99,"author":{"gitId":"-"},"content":"  assignees: [],"},{"lineNumber":100,"author":{"gitId":"-"},"content":"  comments: [],"},{"lineNumber":101,"author":{"gitId":"-"},"content":"  body: \u0027\u0027,"},{"lineNumber":102,"author":{"gitId":"-"},"content":"  created_at: \u00272010-03-12T19:12:02Z\u0027,"},{"lineNumber":103,"author":{"gitId":"-"},"content":"  labels: [GITHUB_LABEL_TEAM_LABEL, GITHUB_LABEL_TUTORIAL_LABEL, GITHUB_LABEL_DOCUMENTATION_BUG, GITHUB_LABEL_HIGH_SEVERITY],"},{"lineNumber":104,"author":{"gitId":"-"},"content":"  state: IssueState.Open,"},{"lineNumber":105,"author":{"gitId":"-"},"content":"  title: \u0027Too many typos\u0027,"},{"lineNumber":106,"author":{"gitId":"-"},"content":"  updated_at: \u00272012-03-12T19:12:02Z\u0027,"},{"lineNumber":107,"author":{"gitId":"-"},"content":"  url: \u0027https://api.github.com/repos/CATcher-org/pe-results/issues/130\u0027,"},{"lineNumber":108,"author":{"gitId":"-"},"content":"  user: USER_ANUBHAV_DETAILS"},{"lineNumber":109,"author":{"gitId":"-"},"content":"});"},{"lineNumber":110,"author":{"gitId":"-"},"content":""},{"lineNumber":111,"author":{"gitId":"-"},"content":"export const DUPLICATED_ISSUE_WITH_EMPTY_DESCRIPTION_HIGH_SEVERITY \u003d new GithubIssue({"},{"lineNumber":112,"author":{"gitId":"-"},"content":"  id: \u0027573957399\u0027,"},{"lineNumber":113,"author":{"gitId":"-"},"content":"  number: 33,"},{"lineNumber":114,"author":{"gitId":"-"},"content":"  assignees: [],"},{"lineNumber":115,"author":{"gitId":"-"},"content":"  comments: [],"},{"lineNumber":116,"author":{"gitId":"-"},"content":"  body: \u0027\u0027,"},{"lineNumber":117,"author":{"gitId":"-"},"content":"  created_at: \u00272010-04-12T19:12:02Z\u0027,"},{"lineNumber":118,"author":{"gitId":"-"},"content":"  labels: [GITHUB_LABEL_TEAM_LABEL, GITHUB_LABEL_TUTORIAL_LABEL, GITHUB_LABEL_DOCUMENTATION_BUG, GITHUB_LABEL_HIGH_SEVERITY],"},{"lineNumber":119,"author":{"gitId":"-"},"content":"  state: IssueState.Open,"},{"lineNumber":120,"author":{"gitId":"-"},"content":"  title: \u0027Too many typos 2\u0027,"},{"lineNumber":121,"author":{"gitId":"-"},"content":"  updated_at: \u00272012-04-12T19:12:02Z\u0027,"},{"lineNumber":122,"author":{"gitId":"-"},"content":"  url: \u0027https://api.github.com/repos/CATcher-org/pe-results/issues/130\u0027,"},{"lineNumber":123,"author":{"gitId":"-"},"content":"  user: USER_ANUBHAV_DETAILS"},{"lineNumber":124,"author":{"gitId":"-"},"content":"});"},{"lineNumber":125,"author":{"gitId":"-"},"content":""},{"lineNumber":126,"author":{"gitId":"-"},"content":"export const ISSUE_WITH_ASSIGNEES \u003d new GithubIssue({"},{"lineNumber":127,"author":{"gitId":"-"},"content":"  id: \u0027551732011\u0027,"},{"lineNumber":128,"author":{"gitId":"-"},"content":"  number: 91,"},{"lineNumber":129,"author":{"gitId":"-"},"content":"  assignees: [USER_ANUBHAV_ASSIGNEE_DETAILS, USER_SHUMING_ASSIGNEE_DETAILS],"},{"lineNumber":130,"author":{"gitId":"-"},"content":"  body: \u0027Screen freezes every few minutes\u0027,"},{"lineNumber":131,"author":{"gitId":"-"},"content":"  created_at: \u00272020-01-18T07:01:45Z\u0027,"},{"lineNumber":132,"author":{"gitId":"-"},"content":"  labels: [GITHUB_LABEL_TEAM_LABEL, GITHUB_LABEL_TUTORIAL_LABEL, GITHUB_LABEL_FUNCTIONALITY_BUG, GITHUB_LABEL_MEDIUM_SEVERITY],"},{"lineNumber":133,"author":{"gitId":"-"},"content":"  state: IssueState.Open,"},{"lineNumber":134,"author":{"gitId":"-"},"content":"  title: \u0027Screen freezes\u0027,"},{"lineNumber":135,"author":{"gitId":"-"},"content":"  updated_at: \u00272020-03-02T12:50:02Z\u0027,"},{"lineNumber":136,"author":{"gitId":"-"},"content":"  url: \u0027https://api.github.com/repos/CATcher-org/pe-results/issues/91\u0027,"},{"lineNumber":137,"author":{"gitId":"-"},"content":"  user: USER_ANUBHAV_DETAILS,"},{"lineNumber":138,"author":{"gitId":"-"},"content":"  comments: [EMPTY_TEAM_RESPONSE]"},{"lineNumber":139,"author":{"gitId":"-"},"content":"});"},{"lineNumber":140,"author":{"gitId":"-"},"content":""},{"lineNumber":141,"author":{"gitId":"-"},"content":"export const generateIssueWithRandomData: () \u003d\u003e GithubIssue \u003d () \u003d\u003e {"},{"lineNumber":142,"author":{"gitId":"-"},"content":"  const created_and_updated_date: string \u003d randomISODate();"},{"lineNumber":143,"author":{"gitId":"-"},"content":"  const issueNumber: number \u003d randomIssueNumber();"},{"lineNumber":144,"author":{"gitId":"-"},"content":"  const severityLabels: GithubLabel[] \u003d [GITHUB_LABEL_LOW_SEVERITY, GITHUB_LABEL_MEDIUM_SEVERITY, GITHUB_LABEL_HIGH_SEVERITY];"},{"lineNumber":145,"author":{"gitId":"-"},"content":"  const typeLabels: GithubLabel[] \u003d [GITHUB_LABEL_FUNCTIONALITY_BUG, GITHUB_LABEL_FEATURE_FLAW, GITHUB_LABEL_DOCUMENTATION_BUG];"},{"lineNumber":146,"author":{"gitId":"-"},"content":"  return new GithubIssue({"},{"lineNumber":147,"author":{"gitId":"-"},"content":"    id: randomId(),"},{"lineNumber":148,"author":{"gitId":"-"},"content":"    number: issueNumber,"},{"lineNumber":149,"author":{"gitId":"-"},"content":"    assignees: [],"},{"lineNumber":150,"author":{"gitId":"-"},"content":"    comments: [],"},{"lineNumber":151,"author":{"gitId":"-"},"content":"    body: `Issue No.: ${issueNumber}\\nSample Content.`,"},{"lineNumber":152,"author":{"gitId":"-"},"content":"    created_at: created_and_updated_date,"},{"lineNumber":153,"author":{"gitId":"-"},"content":"    labels: [GITHUB_LABEL_TEAM_LABEL, GITHUB_LABEL_TUTORIAL_LABEL, typeLabels[issueNumber % 3], severityLabels[issueNumber % 3]],"},{"lineNumber":154,"author":{"gitId":"-"},"content":"    state: IssueState.Open,"},{"lineNumber":155,"author":{"gitId":"-"},"content":"    title: `Random Issue: ${issueNumber}`,"},{"lineNumber":156,"author":{"gitId":"-"},"content":"    updated_at: created_and_updated_date,"},{"lineNumber":157,"author":{"gitId":"-"},"content":"    url: `https://api.github.com/repos/CATcher-org/pe-results/issues/${issueNumber}`,"},{"lineNumber":158,"author":{"gitId":"-"},"content":"    user: USER_ANUBHAV_DETAILS"},{"lineNumber":159,"author":{"gitId":"-"},"content":"  });"},{"lineNumber":160,"author":{"gitId":"-"},"content":"};"},{"lineNumber":161,"author":{"gitId":"-"},"content":""},{"lineNumber":162,"author":{"gitId":"-"},"content":"export const ISSUE_PENDING_MODERATION \u003d new GithubIssue({"},{"lineNumber":163,"author":{"gitId":"-"},"content":"  id: \u0027574674360\u0027,"},{"lineNumber":164,"author":{"gitId":"-"},"content":"  number: 26,"},{"lineNumber":165,"author":{"gitId":"-"},"content":"  assignees: [USER_SHUMING_ASSIGNEE_DETAILS],"},{"lineNumber":166,"author":{"gitId":"-"},"content":"  body: ISSUE_BODY,"},{"lineNumber":167,"author":{"gitId":"-"},"content":"  created_at: \u00272020-03-03T13:38:32Z\u0027,"},{"lineNumber":168,"author":{"gitId":"-"},"content":"  labels: [GITHUB_LABEL_TEAM_LABEL, GITHUB_LABEL_TUTORIAL_LABEL, GITHUB_LABEL_FUNCTIONALITY_BUG, GITHUB_LABEL_MEDIUM_SEVERITY],"},{"lineNumber":169,"author":{"gitId":"-"},"content":"  state: IssueState.Open,"},{"lineNumber":170,"author":{"gitId":"-"},"content":"  title: \u0027Basic Issue, Three Disputes, Unsure\u0027,"},{"lineNumber":171,"author":{"gitId":"-"},"content":"  updated_at: \u00272020-08-15T06:39:40Z\u0027,"},{"lineNumber":172,"author":{"gitId":"-"},"content":"  url: \u0027https://api.github.com/repos/CATcher-org/pe-results/issues/26\u0027,"},{"lineNumber":173,"author":{"gitId":"-"},"content":"  user: USER_SHUMING_DETAILS,"},{"lineNumber":174,"author":{"gitId":"-"},"content":"  comments: [PENDING_TUTOR_MODERATION]"},{"lineNumber":175,"author":{"gitId":"-"},"content":"});"},{"lineNumber":176,"author":{"gitId":"-"},"content":""},{"lineNumber":177,"author":{"gitId":"-"},"content":"export const ISSUE_PENDING_MODERATION_HIGH_SEVERITY_FEATURE_FLAW \u003d new GithubIssue({"},{"lineNumber":178,"author":{"gitId":"-"},"content":"  id: \u0027239538360\u0027,"},{"lineNumber":179,"author":{"gitId":"-"},"content":"  number: 93,"},{"lineNumber":180,"author":{"gitId":"-"},"content":"  assignees: [USER_SHUMING_ASSIGNEE_DETAILS],"},{"lineNumber":181,"author":{"gitId":"-"},"content":"  body: ISSUE_BODY,"},{"lineNumber":182,"author":{"gitId":"-"},"content":"  created_at: \u00272020-10-14T10:28:32Z\u0027,"},{"lineNumber":183,"author":{"gitId":"-"},"content":"  labels: [GITHUB_LABEL_TEAM_LABEL, GITHUB_LABEL_TUTORIAL_LABEL, GITHUB_LABEL_FEATURE_FLAW, GITHUB_LABEL_HIGH_SEVERITY],"},{"lineNumber":184,"author":{"gitId":"-"},"content":"  state: IssueState.Open,"},{"lineNumber":185,"author":{"gitId":"-"},"content":"  title: \u0027Redundant buggy feature\u0027,"},{"lineNumber":186,"author":{"gitId":"-"},"content":"  updated_at: \u00272020-11-25T13:19:40Z\u0027,"},{"lineNumber":187,"author":{"gitId":"-"},"content":"  url: \u0027https://api.github.com/repos/CATcher-org/pe-results/issues/26\u0027,"},{"lineNumber":188,"author":{"gitId":"-"},"content":"  user: USER_SHUMING_DETAILS,"},{"lineNumber":189,"author":{"gitId":"-"},"content":"  comments: [PENDING_TUTOR_MODERATION]"},{"lineNumber":190,"author":{"gitId":"-"},"content":"});"},{"lineNumber":191,"author":{"gitId":"-"},"content":""},{"lineNumber":192,"author":{"gitId":"-"},"content":"export const ISSUE_PENDING_MODERATION_LOW_SEVERITY_DOCUMENTATION_BUG \u003d new GithubIssue({"},{"lineNumber":193,"author":{"gitId":"-"},"content":"  id: \u0027384756360\u0027,"},{"lineNumber":194,"author":{"gitId":"-"},"content":"  number: 6,"},{"lineNumber":195,"author":{"gitId":"-"},"content":"  assignees: [USER_SHUMING_ASSIGNEE_DETAILS],"},{"lineNumber":196,"author":{"gitId":"-"},"content":"  body: ISSUE_BODY,"},{"lineNumber":197,"author":{"gitId":"-"},"content":"  created_at: \u00272020-03-26T09:08:12Z\u0027,"},{"lineNumber":198,"author":{"gitId":"-"},"content":"  labels: [GITHUB_LABEL_TEAM_LABEL, GITHUB_LABEL_TUTORIAL_LABEL, GITHUB_LABEL_DOCUMENTATION_BUG, GITHUB_LABEL_LOW_SEVERITY],"},{"lineNumber":199,"author":{"gitId":"-"},"content":"  state: IssueState.Open,"},{"lineNumber":200,"author":{"gitId":"-"},"content":"  title: \u0027Documentation bug, too many typos\u0027,"},{"lineNumber":201,"author":{"gitId":"-"},"content":"  updated_at: \u00272020-11-10T16:59:40Z\u0027,"},{"lineNumber":202,"author":{"gitId":"-"},"content":"  url: \u0027https://api.github.com/repos/CATcher-org/pe-results/issues/26\u0027,"},{"lineNumber":203,"author":{"gitId":"-"},"content":"  user: USER_SHUMING_DETAILS,"},{"lineNumber":204,"author":{"gitId":"-"},"content":"  comments: [PENDING_TUTOR_MODERATION]"},{"lineNumber":205,"author":{"gitId":"-"},"content":"});"}],"authorContributionMap":{"-":202,"cheehongw":3}},{"path":"tests/model/templates/sections/issue-dispute-section-parser.model.spec.ts","fileType":"ts","lines":[{"lineNumber":1,"author":{"gitId":"-"},"content":"import { IssueDisputeSectionParser } from \u0027../../../../src/app/core/models/templates/section-parsers/issue-dispute-section-parser.model\u0027;"},{"lineNumber":2,"author":{"gitId":"-"},"content":""},{"lineNumber":3,"author":{"gitId":"-"},"content":"const TYPE_DISPUTE \u003d"},{"lineNumber":4,"author":{"gitId":"-"},"content":"  \u0027## :question: Issue Type\\n\\n\u0027 +"},{"lineNumber":5,"author":{"gitId":"-"},"content":"  \u0027### Team says:\\n\\n\u0027 +"},{"lineNumber":6,"author":{"gitId":"-"},"content":"  \"{the team\u0027s action that is being disputed}\\n\\n\" +"},{"lineNumber":7,"author":{"gitId":"-"},"content":"  \u0027### Tester says:\\n\\n\u0027 +"},{"lineNumber":8,"author":{"gitId":"-"},"content":"  \"{tester\u0027s objection}\\n\\n\" +"},{"lineNumber":9,"author":{"gitId":"cheehongw"},"content":"  \u0027\u003ccatcher-end-of-segment\u003e\u003chr\u003e\u0027;"},{"lineNumber":10,"author":{"gitId":"-"},"content":""},{"lineNumber":11,"author":{"gitId":"-"},"content":"const EXPECTED_TITLE \u003d \u0027Issue Type\u0027;"},{"lineNumber":12,"author":{"gitId":"-"},"content":"const EXPECTED_DESCRIPTION \u003d"},{"lineNumber":13,"author":{"gitId":"-"},"content":"  \u0027### Team says:\\n\\n\u0027 + \"{the team\u0027s action that is being disputed}\\n\\n\" + \u0027### Tester says:\\n\\n\u0027 + \"{tester\u0027s objection}\";"},{"lineNumber":14,"author":{"gitId":"-"},"content":""},{"lineNumber":15,"author":{"gitId":"-"},"content":"describe(\u0027IssueDisputeSectionParser\u0027, () \u003d\u003e {"},{"lineNumber":16,"author":{"gitId":"-"},"content":"  it(\u0027parses type dispute correctly\u0027, () \u003d\u003e {"},{"lineNumber":17,"author":{"gitId":"-"},"content":"    const result \u003d IssueDisputeSectionParser.run(TYPE_DISPUTE).result;"},{"lineNumber":18,"author":{"gitId":"-"},"content":""},{"lineNumber":19,"author":{"gitId":"-"},"content":"    expect(result.title).toBe(EXPECTED_TITLE);"},{"lineNumber":20,"author":{"gitId":"-"},"content":"    expect(result.description).toBe(EXPECTED_DESCRIPTION);"},{"lineNumber":21,"author":{"gitId":"-"},"content":"  });"},{"lineNumber":22,"author":{"gitId":"-"},"content":"});"}],"authorContributionMap":{"-":21,"cheehongw":1}},{"path":"tests/model/templates/sections/moderation-section-parser.model.spec.ts","fileType":"ts","lines":[{"lineNumber":1,"author":{"gitId":"-"},"content":"import {"},{"lineNumber":2,"author":{"gitId":"-"},"content":"  DoneCheckboxParser,"},{"lineNumber":3,"author":{"gitId":"-"},"content":"  ModerationSectionParser"},{"lineNumber":4,"author":{"gitId":"-"},"content":"} from \u0027../../../../src/app/core/models/templates/section-parsers/moderation-section-parser.model\u0027;"},{"lineNumber":5,"author":{"gitId":"-"},"content":""},{"lineNumber":6,"author":{"gitId":"cheehongw"},"content":"const TYPE_DISPUTE \u003d"},{"lineNumber":7,"author":{"gitId":"cheehongw"},"content":"  \u0027## :question: Issue Type\\n\\n\u0027 + \u0027- [ ] Done\\n\\n\u0027 + \u0027[replace this with your explanation]\\n\\n\u0027 + \u0027\u003ccatcher-end-of-segment\u003e\u003chr\u003e\u0027;"},{"lineNumber":8,"author":{"gitId":"-"},"content":""},{"lineNumber":9,"author":{"gitId":"-"},"content":"const EMPTY_DONE_CHECKBOX \u003d \u0027- [ ] Done\u0027;"},{"lineNumber":10,"author":{"gitId":"-"},"content":"const FILLED_DONE_CHECKBOX \u003d \u0027- [x] Done\u0027;"},{"lineNumber":11,"author":{"gitId":"-"},"content":""},{"lineNumber":12,"author":{"gitId":"-"},"content":"const EXPECTED_TITLE \u003d \u0027Issue Type\u0027;"},{"lineNumber":13,"author":{"gitId":"-"},"content":"const EXPECTED_DESCRIPTION \u003d \u0027- [ ] Done\\n\\n[replace this with your explanation]\u0027;"},{"lineNumber":14,"author":{"gitId":"-"},"content":"const EXPECTED_TUTOR_RESPONSE \u003d \u0027[replace this with your explanation]\u0027;"},{"lineNumber":15,"author":{"gitId":"-"},"content":""},{"lineNumber":16,"author":{"gitId":"-"},"content":"describe(\u0027DoneCheckboxParser\u0027, () \u003d\u003e {"},{"lineNumber":17,"author":{"gitId":"-"},"content":"  it(\u0027parses empty checkbox correctly\u0027, () \u003d\u003e {"},{"lineNumber":18,"author":{"gitId":"-"},"content":"    const result \u003d DoneCheckboxParser.run(EMPTY_DONE_CHECKBOX).result;"},{"lineNumber":19,"author":{"gitId":"-"},"content":""},{"lineNumber":20,"author":{"gitId":"-"},"content":"    expect(result).toBe(false);"},{"lineNumber":21,"author":{"gitId":"-"},"content":"  });"},{"lineNumber":22,"author":{"gitId":"-"},"content":"  it(\u0027parses filled checkbox correctly\u0027, () \u003d\u003e {"},{"lineNumber":23,"author":{"gitId":"-"},"content":"    const result \u003d DoneCheckboxParser.run(FILLED_DONE_CHECKBOX).result;"},{"lineNumber":24,"author":{"gitId":"-"},"content":""},{"lineNumber":25,"author":{"gitId":"-"},"content":"    expect(result).toBe(true);"},{"lineNumber":26,"author":{"gitId":"-"},"content":"  });"},{"lineNumber":27,"author":{"gitId":"-"},"content":"});"},{"lineNumber":28,"author":{"gitId":"-"},"content":""},{"lineNumber":29,"author":{"gitId":"-"},"content":"describe(\u0027ModerationSectionParser\u0027, () \u003d\u003e {"},{"lineNumber":30,"author":{"gitId":"-"},"content":"  it(\u0027parses type dispute correctly\u0027, () \u003d\u003e {"},{"lineNumber":31,"author":{"gitId":"-"},"content":"    const result \u003d ModerationSectionParser.run(TYPE_DISPUTE).result;"},{"lineNumber":32,"author":{"gitId":"-"},"content":""},{"lineNumber":33,"author":{"gitId":"-"},"content":"    expect(result.title).toBe(EXPECTED_TITLE);"},{"lineNumber":34,"author":{"gitId":"-"},"content":"    expect(result.description).toBe(EXPECTED_DESCRIPTION);"},{"lineNumber":35,"author":{"gitId":"-"},"content":"    expect(result.todo.isChecked).toBe(false);"},{"lineNumber":36,"author":{"gitId":"-"},"content":"    expect(result.tutorResponse).toBe(EXPECTED_TUTOR_RESPONSE);"},{"lineNumber":37,"author":{"gitId":"-"},"content":"  });"},{"lineNumber":38,"author":{"gitId":"-"},"content":"});"}],"authorContributionMap":{"-":36,"cheehongw":2}},{"path":"tests/model/templates/sections/tester-response-section-parser.model.spec.ts","fileType":"ts","lines":[{"lineNumber":1,"author":{"gitId":"-"},"content":"import {"},{"lineNumber":2,"author":{"gitId":"-"},"content":"  DisagreeCheckboxParser,"},{"lineNumber":3,"author":{"gitId":"-"},"content":"  TesterResponseSectionParser"},{"lineNumber":4,"author":{"gitId":"-"},"content":"} from \u0027../../../../src/app/core/models/templates/section-parsers/tester-response-section-parser.model\u0027;"},{"lineNumber":5,"author":{"gitId":"-"},"content":""},{"lineNumber":6,"author":{"gitId":"-"},"content":"const EMPTY_DISAGREE_CHECKBOX \u003d \u0027- [ ] I disagree\u0027;"},{"lineNumber":7,"author":{"gitId":"-"},"content":"const FILLED_DISAGREE_CHECKBOX \u003d \u0027- [x] I disagree\u0027;"},{"lineNumber":8,"author":{"gitId":"-"},"content":"const DEFAULT_DISAGREEMENT_REASON \u003d \u0027[replace this with your reason]\u0027;"},{"lineNumber":9,"author":{"gitId":"-"},"content":"const USER_DISAGREEMENT_REASON \u003d \u0027I disagree!\u0027;"},{"lineNumber":10,"author":{"gitId":"-"},"content":""},{"lineNumber":11,"author":{"gitId":"-"},"content":"const RESPONSE_TITLE \u003d \u0027response\u0027;"},{"lineNumber":12,"author":{"gitId":"-"},"content":"const RESPONSE_DESCRIPTION \u003d \u0027Team chose [`response.Rejected`]\u0027;"},{"lineNumber":13,"author":{"gitId":"-"},"content":"const RESPONSE_TEAM_CHOSE \u003d \u0027Rejected\u0027;"},{"lineNumber":14,"author":{"gitId":"-"},"content":""},{"lineNumber":15,"author":{"gitId":"-"},"content":"const SEVERITY_TITLE \u003d \u0027severity\u0027;"},{"lineNumber":16,"author":{"gitId":"-"},"content":"const SEVERITY_DESCRIPTION \u003d \u0027Team chose [`severity.Low`]\\nOriginally [`severity.High`]\u0027;"},{"lineNumber":17,"author":{"gitId":"-"},"content":"const SEVERITY_TEAM_CHOSE \u003d \u0027Low\u0027;"},{"lineNumber":18,"author":{"gitId":"-"},"content":"const SEVERITY_TESTER_CHOSE \u003d \u0027High\u0027;"},{"lineNumber":19,"author":{"gitId":"-"},"content":""},{"lineNumber":20,"author":{"gitId":"-"},"content":"const TYPE_TITLE \u003d \u0027type\u0027;"},{"lineNumber":21,"author":{"gitId":"-"},"content":"const TYPE_DESCRIPTION \u003d \u0027Team chose [`type.DocumentationBug`]\\nOriginally [`type.FunctionalityBug`]\u0027;"},{"lineNumber":22,"author":{"gitId":"-"},"content":"const TYPE_TEAM_CHOSE \u003d \u0027DocumentationBug\u0027;"},{"lineNumber":23,"author":{"gitId":"-"},"content":"const TYPE_TESTER_CHOSE \u003d \u0027FunctionalityBug\u0027;"},{"lineNumber":24,"author":{"gitId":"-"},"content":""},{"lineNumber":25,"author":{"gitId":"-"},"content":"const DUPLICATE_TITLE \u003d \u0027duplicate status\u0027;"},{"lineNumber":26,"author":{"gitId":"-"},"content":"const DUPLICATE_DESCRIPTION \u003d"},{"lineNumber":27,"author":{"gitId":"-"},"content":"  \"Team chose to mark this issue as a duplicate of another issue (as explained in the _**Team\u0027s response**_ above)\";"},{"lineNumber":28,"author":{"gitId":"-"},"content":""},{"lineNumber":29,"author":{"gitId":"-"},"content":"export const RESPONSE_DISAGREEMENT \u003d"},{"lineNumber":30,"author":{"gitId":"-"},"content":"  \u0027## :question: Issue response\\n\\n\u0027 +"},{"lineNumber":31,"author":{"gitId":"-"},"content":"  \u0027Team chose [`response.Rejected`]\\n\\n\u0027 +"},{"lineNumber":32,"author":{"gitId":"-"},"content":"  \u0027- [ ] I disagree\\n\\n\u0027 +"},{"lineNumber":33,"author":{"gitId":"-"},"content":"  \u0027**Reason for disagreement:** [replace this with your reason]\\n\\n\u0027 +"},{"lineNumber":34,"author":{"gitId":"cheehongw"},"content":"  \u0027\u003ccatcher-end-of-segment\u003e\u003chr\u003e\u0027;"},{"lineNumber":35,"author":{"gitId":"-"},"content":""},{"lineNumber":36,"author":{"gitId":"-"},"content":"export const SEVERITY_DISAGREEMENT \u003d"},{"lineNumber":37,"author":{"gitId":"-"},"content":"  \u0027## :question: Issue severity\\n\\n\u0027 +"},{"lineNumber":38,"author":{"gitId":"-"},"content":"  \u0027Team chose [`severity.Low`]\\n\u0027 +"},{"lineNumber":39,"author":{"gitId":"-"},"content":"  \u0027Originally [`severity.High`]\\n\\n\u0027 +"},{"lineNumber":40,"author":{"gitId":"-"},"content":"  \u0027- [x] I disagree\\n\\n\u0027 +"},{"lineNumber":41,"author":{"gitId":"-"},"content":"  \u0027**Reason for disagreement:** I disagree!\\n\\n\u0027 +"},{"lineNumber":42,"author":{"gitId":"cheehongw"},"content":"  \u0027\u003ccatcher-end-of-segment\u003e\u003chr\u003e\u0027;"},{"lineNumber":43,"author":{"gitId":"-"},"content":""},{"lineNumber":44,"author":{"gitId":"-"},"content":"export const TYPE_DISAGREEMENT \u003d"},{"lineNumber":45,"author":{"gitId":"-"},"content":"  \u0027## :question: Issue type\\n\\n\u0027 +"},{"lineNumber":46,"author":{"gitId":"-"},"content":"  \u0027Team chose [`type.DocumentationBug`]\\n\u0027 +"},{"lineNumber":47,"author":{"gitId":"-"},"content":"  \u0027Originally [`type.FunctionalityBug`]\\n\\n\u0027 +"},{"lineNumber":48,"author":{"gitId":"-"},"content":"  \u0027- [ ] I disagree\\n\\n\u0027 +"},{"lineNumber":49,"author":{"gitId":"-"},"content":"  \u0027**Reason for disagreement:** [replace this with your reason]\\n\\n\u0027 +"},{"lineNumber":50,"author":{"gitId":"cheehongw"},"content":"  \u0027\u003ccatcher-end-of-segment\u003e\u003chr\u003e\u0027;"},{"lineNumber":51,"author":{"gitId":"-"},"content":""},{"lineNumber":52,"author":{"gitId":"-"},"content":"export const DUPLICATE_DISAGREEMENT \u003d"},{"lineNumber":53,"author":{"gitId":"-"},"content":"  \u0027## :question: Issue duplicate status\\n\\n\u0027 +"},{"lineNumber":54,"author":{"gitId":"-"},"content":"  \"Team chose to mark this issue as a duplicate of another issue (as explained in the _**Team\u0027s response**_ above)\\n\\n\" +"},{"lineNumber":55,"author":{"gitId":"-"},"content":"  \u0027- [ ] I disagree\\n\\n\u0027 +"},{"lineNumber":56,"author":{"gitId":"-"},"content":"  \u0027**Reason for disagreement:** [replace this with your reason]\\n\\n\u0027 +"},{"lineNumber":57,"author":{"gitId":"cheehongw"},"content":"  \u0027\u003ccatcher-end-of-segment\u003e\u003chr\u003e\u0027;"},{"lineNumber":58,"author":{"gitId":"-"},"content":""},{"lineNumber":59,"author":{"gitId":"-"},"content":"describe(\u0027DisagreeCheckboxParser\u0027, () \u003d\u003e {"},{"lineNumber":60,"author":{"gitId":"-"},"content":"  it(\u0027parses empty checkbox correctly\u0027, () \u003d\u003e {"},{"lineNumber":61,"author":{"gitId":"-"},"content":"    const result \u003d DisagreeCheckboxParser.run(EMPTY_DISAGREE_CHECKBOX).result;"},{"lineNumber":62,"author":{"gitId":"-"},"content":""},{"lineNumber":63,"author":{"gitId":"-"},"content":"    expect(result).toBe(false);"},{"lineNumber":64,"author":{"gitId":"-"},"content":"  });"},{"lineNumber":65,"author":{"gitId":"-"},"content":"  it(\u0027parses filled checkbox correctly\u0027, () \u003d\u003e {"},{"lineNumber":66,"author":{"gitId":"-"},"content":"    const result \u003d DisagreeCheckboxParser.run(FILLED_DISAGREE_CHECKBOX).result;"},{"lineNumber":67,"author":{"gitId":"-"},"content":""},{"lineNumber":68,"author":{"gitId":"-"},"content":"    expect(result).toBe(true);"},{"lineNumber":69,"author":{"gitId":"-"},"content":"  });"},{"lineNumber":70,"author":{"gitId":"-"},"content":"});"},{"lineNumber":71,"author":{"gitId":"-"},"content":""},{"lineNumber":72,"author":{"gitId":"-"},"content":"describe(\u0027TesterResponseSectionParser\u0027, () \u003d\u003e {"},{"lineNumber":73,"author":{"gitId":"-"},"content":"  it(\u0027parses response disagreement correctly\u0027, () \u003d\u003e {"},{"lineNumber":74,"author":{"gitId":"-"},"content":"    const result \u003d TesterResponseSectionParser.run(RESPONSE_DISAGREEMENT).result;"},{"lineNumber":75,"author":{"gitId":"-"},"content":""},{"lineNumber":76,"author":{"gitId":"-"},"content":"    expect(result.title).toBe(RESPONSE_TITLE);"},{"lineNumber":77,"author":{"gitId":"-"},"content":"    expect(result.description).toBe(RESPONSE_DESCRIPTION);"},{"lineNumber":78,"author":{"gitId":"-"},"content":"    expect(result.teamChose).toBe(RESPONSE_TEAM_CHOSE);"},{"lineNumber":79,"author":{"gitId":"-"},"content":"    expect(result.testerChose).toBe(null);"},{"lineNumber":80,"author":{"gitId":"-"},"content":"    expect(result.disagreeCheckboxValue).toBe(false);"},{"lineNumber":81,"author":{"gitId":"-"},"content":"    expect(result.reasonForDisagreement).toBe(DEFAULT_DISAGREEMENT_REASON);"},{"lineNumber":82,"author":{"gitId":"-"},"content":"  });"},{"lineNumber":83,"author":{"gitId":"-"},"content":"  it(\u0027parses severity disagreement correctly\u0027, () \u003d\u003e {"},{"lineNumber":84,"author":{"gitId":"-"},"content":"    const result \u003d TesterResponseSectionParser.run(SEVERITY_DISAGREEMENT).result;"},{"lineNumber":85,"author":{"gitId":"-"},"content":""},{"lineNumber":86,"author":{"gitId":"-"},"content":"    expect(result.title).toBe(SEVERITY_TITLE);"},{"lineNumber":87,"author":{"gitId":"-"},"content":"    expect(result.description).toBe(SEVERITY_DESCRIPTION);"},{"lineNumber":88,"author":{"gitId":"-"},"content":"    expect(result.teamChose).toBe(SEVERITY_TEAM_CHOSE);"},{"lineNumber":89,"author":{"gitId":"-"},"content":"    expect(result.testerChose).toBe(SEVERITY_TESTER_CHOSE);"},{"lineNumber":90,"author":{"gitId":"-"},"content":"    expect(result.disagreeCheckboxValue).toBe(true);"},{"lineNumber":91,"author":{"gitId":"-"},"content":"    expect(result.reasonForDisagreement).toBe(USER_DISAGREEMENT_REASON);"},{"lineNumber":92,"author":{"gitId":"-"},"content":"  });"},{"lineNumber":93,"author":{"gitId":"-"},"content":"  it(\u0027parses type disagreement correctly\u0027, () \u003d\u003e {"},{"lineNumber":94,"author":{"gitId":"-"},"content":"    const result \u003d TesterResponseSectionParser.run(TYPE_DISAGREEMENT).result;"},{"lineNumber":95,"author":{"gitId":"-"},"content":""},{"lineNumber":96,"author":{"gitId":"-"},"content":"    expect(result.title).toBe(TYPE_TITLE);"},{"lineNumber":97,"author":{"gitId":"-"},"content":"    expect(result.description).toBe(TYPE_DESCRIPTION);"},{"lineNumber":98,"author":{"gitId":"-"},"content":"    expect(result.teamChose).toBe(TYPE_TEAM_CHOSE);"},{"lineNumber":99,"author":{"gitId":"-"},"content":"    expect(result.testerChose).toBe(TYPE_TESTER_CHOSE);"},{"lineNumber":100,"author":{"gitId":"-"},"content":"    expect(result.disagreeCheckboxValue).toBe(false);"},{"lineNumber":101,"author":{"gitId":"-"},"content":"    expect(result.reasonForDisagreement).toBe(DEFAULT_DISAGREEMENT_REASON);"},{"lineNumber":102,"author":{"gitId":"-"},"content":"  });"},{"lineNumber":103,"author":{"gitId":"-"},"content":"  it(\u0027parses duplicate status disagreement correctly\u0027, () \u003d\u003e {"},{"lineNumber":104,"author":{"gitId":"-"},"content":"    const result \u003d TesterResponseSectionParser.run(DUPLICATE_DISAGREEMENT).result;"},{"lineNumber":105,"author":{"gitId":"-"},"content":""},{"lineNumber":106,"author":{"gitId":"-"},"content":"    expect(result.title).toBe(DUPLICATE_TITLE);"},{"lineNumber":107,"author":{"gitId":"-"},"content":"    expect(result.description).toBe(DUPLICATE_DESCRIPTION);"},{"lineNumber":108,"author":{"gitId":"-"},"content":"    expect(result.teamChose).toBe(null);"},{"lineNumber":109,"author":{"gitId":"-"},"content":"    expect(result.testerChose).toBe(null);"},{"lineNumber":110,"author":{"gitId":"-"},"content":"    expect(result.disagreeCheckboxValue).toBe(false);"},{"lineNumber":111,"author":{"gitId":"-"},"content":"    expect(result.reasonForDisagreement).toBe(DEFAULT_DISAGREEMENT_REASON);"},{"lineNumber":112,"author":{"gitId":"-"},"content":"  });"},{"lineNumber":113,"author":{"gitId":"-"},"content":"});"}],"authorContributionMap":{"-":109,"cheehongw":4}}]
