{"authorDailyContributionsMap":{"Echomo-Xinyu":[],"cedricongjh":[],"vigneshsankariyer1234567890":[{"date":"2023-03-05","commitResults":[{"hash":"0c04506bdb13893151c1434d23252986a12d2b65","messageTitle":"Merge master into release for V3.4.5 (#1150)","messageBody":"Merge master into release to release V3.4.5","tags":["V3.4.5"],"fileTypesAndContributionMap":{"css":{"insertions":1,"deletions":0},"html":{"insertions":105,"deletions":15},"ts":{"insertions":1262,"deletions":265}}}]},{"date":"2023-03-16","commitResults":[{"hash":"827e17dc6d99706e2c99204f88d2a5e73fb8d27e","messageTitle":"Remove electron dependencies  (#1153)","messageBody":"Refactor and remove uses of Electron from CATcher\r\n\r\nThere are many uses of Electron in CATcher, even with the CATcher Electron\r\napp being deprecated.  As such, there are many instances of unused code,\r\nwhich is bad practice. Removing instances of uses of Electron allows us to\r\ntrim the codebase and remove dead code.\r\n\r\nLet\u0027s \r\n* Refactor and remove uses of Electron from CATcher\r\n* Remove all uses of Electron in the `src` folder first.\r\n* Remove uses of Electron from `package.json` and other files\r\n* Delete folders such as `electron-utils` and files such as `postinstall` that\r\nare used to initialise electron\r\n* Remove and amend scripts in `package.json` that are involved in\r\nbuilding the electron app\r\n* Edit `deployment-actions.yml` to remove pre-build actions from CD\r\nworkflow","fileTypesAndContributionMap":{"js":{"insertions":0,"deletions":32},"html":{"insertions":1,"deletions":4},"ts":{"insertions":32,"deletions":539}}}]}],"weiquu":[],"itsyme":[],"Eclipse-Dominator":[{"date":"2023-03-20","commitResults":[{"hash":"0a5d90ad82ba2ce2d74620867392d5abec6a6f84","messageTitle":"Fixes rendering for checkboxes (#1155)","messageBody":"Checkboxes are not longer being rendered due to the sanitizer sanitizing html input tags\r\n\r\nHowever, removing the sanitizer could be unsafe\r\n\r\nLet\u0027s\r\n* Fixes checkboxes being sanitized when rendered in markdown\r\n* Replace checkbox rendering via the use of emojis \r\n* Addition of fontawesome icon library to standardize emoji font face\r\n\r\n---------\r\n\r\nCo-authored-by: Kang Su Min \u003c66008784+kkangs0226@users.noreply.github.com\u003e","fileTypesAndContributionMap":{"css":{"insertions":18,"deletions":0},"ts":{"insertions":4,"deletions":0}}}]},{"date":"2023-03-23","commitResults":[{"hash":"ca7a8e5b09d1d702af635ccabefb29d702436b42","messageTitle":"Fix unintended binding of title attribute (#1168)","messageBody":"Invalid tooltips from being displayed due to unintended binding of title attribute\r\n\r\nLet\u0027s \r\n* Avoid the issue by renaming title to descriptionTitle","fileTypesAndContributionMap":{"html":{"insertions":2,"deletions":2},"ts":{"insertions":1,"deletions":1}}}]},{"date":"2023-03-28","commitResults":[{"hash":"9c731c634eb58ed74b40fc5ab7291f43e6b151af","messageTitle":"Add tooltip to markdown toolbar (#1167)","messageBody":"Add tooltip to markdown toolbar\r\n\r\nCurrently tooltips bar does not have a tooltip when hovered upon.\r\nThis can cause confusion in finding out what the buttons do.\r\n\r\nLet\u0027s add custom tooltips to the buttons in the toolbar.","fileTypesAndContributionMap":{"html":{"insertions":12,"deletions":12}}}]},{"date":"2023-03-30","commitResults":[{"hash":"2acdf63ea25e2b87b4b940cc587ef592f44348a6","messageTitle":"Fix breaking of hotkeys when caps lock is turned on (#1179)","messageBody":"Keyboard hotkeys like bold and italics breaks when Caps lock is turned on.\r\n\r\nLet\u0027s\r\n* Change checking of keys from using KeyboardEvent.key to use KeyboardEvent.code\r\n* Adds additional check to ensure Shift key is not pressed when executing these hotkeys","fileTypesAndContributionMap":{"ts":{"insertions":4,"deletions":4}}}]}],"vvidday":[],"ckcherry23":[],"domlimm":[],"jasonqiu212":[],"MarcusTXK":[],"sikai00":[],"EuniceSim142":[],"yucheng11122017":[],"hhdqirui":[],"EltonGohJH":[],"lhw-1":[],"kevin9foong":[],"cheehongw":[{"date":"2023-03-20","commitResults":[{"hash":"107af02e119b3fbb5c47bdaf05650f8fa8bdfe25","messageTitle":"Fix TesterResponse \u0026 IssueDispute representation (#1175)","messageBody":"Fix TesterResponse \u0026 IssueDispute representation\r\n\r\nLet\u0027s update the string representation of TesterResponse and\r\nIssueDispute to use the new line separator \u003ccatcher-end-of-segment\u003e\u003chr\u003e\r\ninstead of `--------------`.","tags":["V3.4.7"],"fileTypesAndContributionMap":{"ts":{"insertions":2,"deletions":2}}}]}]},"authorFileTypeContributionMap":{"Echomo-Xinyu":{"js":0,"css":0,"html":0,"ts":0},"cedricongjh":{"js":0,"css":0,"html":0,"ts":0},"vigneshsankariyer1234567890":{"js":0,"css":0,"html":13,"ts":264},"weiquu":{"js":0,"css":0,"html":0,"ts":0},"itsyme":{"js":0,"css":0,"html":0,"ts":0},"Eclipse-Dominator":{"js":0,"css":18,"html":14,"ts":9},"vvidday":{"js":0,"css":0,"html":0,"ts":0},"ckcherry23":{"js":0,"css":0,"html":0,"ts":0},"domlimm":{"js":0,"css":0,"html":0,"ts":0},"jasonqiu212":{"js":0,"css":0,"html":0,"ts":0},"MarcusTXK":{"js":0,"css":0,"html":0,"ts":0},"sikai00":{"js":0,"css":0,"html":0,"ts":0},"EuniceSim142":{"js":0,"css":0,"html":0,"ts":0},"yucheng11122017":{"js":0,"css":0,"html":0,"ts":0},"hhdqirui":{"js":0,"css":0,"html":0,"ts":0},"EltonGohJH":{"js":0,"css":0,"html":0,"ts":0},"lhw-1":{"js":0,"css":0,"html":0,"ts":0},"kevin9foong":{"js":0,"css":0,"html":0,"ts":0},"cheehongw":{"js":0,"css":0,"html":0,"ts":2}},"authorContributionVariance":{"Echomo-Xinyu":0.0,"cedricongjh":0.0,"vigneshsankariyer1234567890":25359.637,"weiquu":0.0,"itsyme":0.0,"Eclipse-Dominator":9.416667,"vvidday":0.0,"ckcherry23":0.0,"domlimm":0.0,"jasonqiu212":0.0,"MarcusTXK":0.0,"sikai00":0.0,"EuniceSim142":0.0,"yucheng11122017":0.0,"hhdqirui":0.0,"EltonGohJH":0.0,"lhw-1":0.0,"kevin9foong":0.0,"cheehongw":0.13222222},"authorDisplayNameMap":{"Echomo-Xinyu":"SUN ..INYU","cedricongjh":"ONG ..DRIC","vigneshsankariyer1234567890":"VIGN..IYER","weiquu":"NEO ..QING","itsyme":"LEE ..AVID","Eclipse-Dominator":"LI Z..AOQI","vvidday":"DAVI.. ONG","ckcherry23":"CHAR..USAR","domlimm":"DOMI.. JUN","jasonqiu212":"QIU ..ASON","MarcusTXK":"MARC.. KYE","sikai00":"CHAN.. KAI","EuniceSim142":"SIM ..NICE","yucheng11122017":"CHAN..HENG","hhdqirui":"WU Q..IRUI","EltonGohJH":"ELTO.. HAO","lhw-1":"LEE ..WOON","kevin9foong":"KEVI..TONG","cheehongw":"WONG..HONG"}}
