{"authorDailyContributionsMap":{"Echomo-Xinyu":[],"cedricongjh":[],"vigneshsankariyer1234567890":[{"date":"2023-03-05","commitResults":[{"hash":"0c04506bdb13893151c1434d23252986a12d2b65","messageTitle":"Merge master into release for V3.4.5 (#1150)","messageBody":"Merge master into release to release V3.4.5","tags":["V3.4.5"],"fileTypesAndContributionMap":{"css":{"insertions":1,"deletions":0},"html":{"insertions":105,"deletions":15},"ts":{"insertions":1262,"deletions":265}}}]},{"date":"2023-03-16","commitResults":[{"hash":"827e17dc6d99706e2c99204f88d2a5e73fb8d27e","messageTitle":"Remove electron dependencies  (#1153)","messageBody":"Refactor and remove uses of Electron from CATcher\r\n\r\nThere are many uses of Electron in CATcher, even with the CATcher Electron\r\napp being deprecated.  As such, there are many instances of unused code,\r\nwhich is bad practice. Removing instances of uses of Electron allows us to\r\ntrim the codebase and remove dead code.\r\n\r\nLet\u0027s \r\n* Refactor and remove uses of Electron from CATcher\r\n* Remove all uses of Electron in the `src` folder first.\r\n* Remove uses of Electron from `package.json` and other files\r\n* Delete folders such as `electron-utils` and files such as `postinstall` that\r\nare used to initialise electron\r\n* Remove and amend scripts in `package.json` that are involved in\r\nbuilding the electron app\r\n* Edit `deployment-actions.yml` to remove pre-build actions from CD\r\nworkflow","fileTypesAndContributionMap":{"js":{"insertions":0,"deletions":32},"html":{"insertions":1,"deletions":4},"ts":{"insertions":32,"deletions":539}}}]}],"weiquu":[],"itsyme":[],"Eclipse-Dominator":[],"vvidday":[],"ckcherry23":[],"domlimm":[],"jasonqiu212":[],"MarcusTXK":[],"sikai00":[],"EuniceSim142":[],"yucheng11122017":[],"hhdqirui":[],"EltonGohJH":[],"lhw-1":[],"kevin9foong":[],"cheehongw":[]},"authorFileTypeContributionMap":{"Echomo-Xinyu":{"js":0,"css":0,"html":0,"ts":0},"cedricongjh":{"js":0,"css":0,"html":0,"ts":0},"vigneshsankariyer1234567890":{"js":0,"css":0,"html":13,"ts":264},"weiquu":{"js":0,"css":0,"html":0,"ts":0},"itsyme":{"js":0,"css":0,"html":0,"ts":0},"Eclipse-Dominator":{"js":0,"css":0,"html":0,"ts":0},"vvidday":{"js":0,"css":0,"html":0,"ts":0},"ckcherry23":{"js":0,"css":0,"html":0,"ts":0},"domlimm":{"js":0,"css":0,"html":0,"ts":0},"jasonqiu212":{"js":0,"css":0,"html":0,"ts":0},"MarcusTXK":{"js":0,"css":0,"html":0,"ts":0},"sikai00":{"js":0,"css":0,"html":0,"ts":0},"EuniceSim142":{"js":0,"css":0,"html":0,"ts":0},"yucheng11122017":{"js":0,"css":0,"html":0,"ts":0},"hhdqirui":{"js":0,"css":0,"html":0,"ts":0},"EltonGohJH":{"js":0,"css":0,"html":0,"ts":0},"lhw-1":{"js":0,"css":0,"html":0,"ts":0},"kevin9foong":{"js":0,"css":0,"html":0,"ts":0},"cheehongw":{"js":0,"css":0,"html":0,"ts":0}},"authorContributionVariance":{"Echomo-Xinyu":0.0,"cedricongjh":0.0,"vigneshsankariyer1234567890":28656.17,"weiquu":0.0,"itsyme":0.0,"Eclipse-Dominator":0.0,"vvidday":0.0,"ckcherry23":0.0,"domlimm":0.0,"jasonqiu212":0.0,"MarcusTXK":0.0,"sikai00":0.0,"EuniceSim142":0.0,"yucheng11122017":0.0,"hhdqirui":0.0,"EltonGohJH":0.0,"lhw-1":0.0,"kevin9foong":0.0,"cheehongw":0.0},"authorDisplayNameMap":{"Echomo-Xinyu":"SUN ..INYU","cedricongjh":"ONG ..DRIC","vigneshsankariyer1234567890":"VIGN..IYER","weiquu":"NEO ..QING","itsyme":"LEE ..AVID","Eclipse-Dominator":"LI Z..AOQI","vvidday":"DAVI.. ONG","ckcherry23":"CHAR..USAR","domlimm":"DOMI.. JUN","jasonqiu212":"QIU ..ASON","MarcusTXK":"MARC.. KYE","sikai00":"CHAN.. KAI","EuniceSim142":"SIM ..NICE","yucheng11122017":"CHAN..HENG","hhdqirui":"WU Q..IRUI","EltonGohJH":"ELTO.. HAO","lhw-1":"LEE ..WOON","kevin9foong":"KEVI..TONG","cheehongw":"WONG..HONG"}}
