{"authorDailyContributionsMap":{"Echomo-Xinyu":[],"cedricongjh":[],"vigneshsankariyer1234567890":[{"date":"2023-02-27","commitResults":[{"hash":"8e9595f55e055715704d9a3c6066d625d7504f32","messageTitle":"Add tool tip to indicate purpose of file button (#1134)","messageBody":"Co-authored-by: Lee Chun Wei \u003c47494777+chunweii@users.noreply.github.com\u003e\r\nCo-authored-by: Kang Su Min \u003c66008784+kkangs0226@users.noreply.github.com\u003e\r\nCo-authored-by: Chee Hong \u003cc.h.wong2606@gmail.com\u003e","fileTypesAndContributionMap":{"html":{"insertions":1,"deletions":0}}}]}],"weiquu":[],"itsyme":[],"Eclipse-Dominator":[{"date":"2023-02-16","commitResults":[{"hash":"97e5df3c96d4d4816708a5c4e91421191304aa68","messageTitle":"Branch fix label (#1139)","messageBody":"Response Label is missing a background color\r\n\r\nThere should be a designated background color for response label.\r\nThe missing background is due to the inconsistent naming of the response attribute in Issues.\r\n\r\nLet\u0027s,\r\n* rename responseTag attribute to response to maintain consistency\r\n* Fix the missing label color instance\r\n* Add additional logging to log similar issues if there is any in the future\r\n---------\r\n\r\nCo-authored-by: Kang Su Min \u003c66008784+kkangs0226@users.noreply.github.com\u003e","fileTypesAndContributionMap":{"html":{"insertions":11,"deletions":11},"ts":{"insertions":27,"deletions":22}}}]}],"vvidday":[],"ckcherry23":[],"domlimm":[],"jasonqiu212":[],"MarcusTXK":[],"sikai00":[],"EuniceSim142":[],"yucheng11122017":[],"hhdqirui":[],"EltonGohJH":[],"lhw-1":[],"kevin9foong":[],"cheehongw":[{"date":"2023-02-13","commitResults":[{"hash":"00b7cc9494b8ba88523e3a237eb13d817c555933","messageTitle":"Use different separator when parsing  (#997)","messageBody":"* Replace line separator\r\n\r\n* Replace divider line with custom html tag\r\n\r\n---------\r\n\r\nCo-authored-by: Kang Su Min \u003c66008784+kkangs0226@users.noreply.github.com\u003e","fileTypesAndContributionMap":{"ts":{"insertions":18,"deletions":17}}}]},{"date":"2023-02-27","commitResults":[{"hash":"2fbbd046d72455e399bf744b8f0986ead99ad7bf","messageTitle":"Standardize logging formats and add more logging (#1147)","messageBody":"* Update logging format to use `codefile: action`\r\n\r\n* Update logging format for ErrorHandlingService\r\n\r\n- Use `codefile: action` format\r\n- Fix tests\r\n\r\n* Add more logging for AuthService\r\n\r\n* Add additional logging\r\n\r\n* Rename loggingService to logging\r\n\r\n* Fix tests","fileTypesAndContributionMap":{"ts":{"insertions":88,"deletions":81}}}]}]},"authorFileTypeContributionMap":{"Echomo-Xinyu":{"js":0,"css":0,"html":0,"ts":0},"cedricongjh":{"js":0,"css":0,"html":0,"ts":0},"vigneshsankariyer1234567890":{"js":0,"css":0,"html":1,"ts":0},"weiquu":{"js":0,"css":0,"html":0,"ts":0},"itsyme":{"js":0,"css":0,"html":0,"ts":0},"Eclipse-Dominator":{"js":0,"css":0,"html":11,"ts":27},"vvidday":{"js":0,"css":0,"html":0,"ts":0},"ckcherry23":{"js":0,"css":0,"html":0,"ts":0},"domlimm":{"js":0,"css":0,"html":0,"ts":0},"jasonqiu212":{"js":0,"css":0,"html":0,"ts":0},"MarcusTXK":{"js":0,"css":0,"html":0,"ts":0},"sikai00":{"js":0,"css":0,"html":0,"ts":0},"EuniceSim142":{"js":0,"css":0,"html":0,"ts":0},"yucheng11122017":{"js":0,"css":0,"html":0,"ts":0},"hhdqirui":{"js":0,"css":0,"html":0,"ts":0},"EltonGohJH":{"js":0,"css":0,"html":0,"ts":0},"lhw-1":{"js":0,"css":0,"html":0,"ts":0},"kevin9foong":{"js":0,"css":0,"html":0,"ts":0},"cheehongw":{"js":0,"css":0,"html":0,"ts":106}},"authorContributionVariance":{"Echomo-Xinyu":0.0,"cedricongjh":0.0,"vigneshsankariyer1234567890":0.011109709,"weiquu":0.0,"itsyme":0.0,"Eclipse-Dominator":56.004017,"vvidday":0.0,"ckcherry23":0.0,"domlimm":0.0,"jasonqiu212":0.0,"MarcusTXK":0.0,"sikai00":0.0,"EuniceSim142":0.0,"yucheng11122017":0.0,"hhdqirui":0.0,"EltonGohJH":0.0,"lhw-1":0.0,"kevin9foong":0.0,"cheehongw":329.4203},"authorDisplayNameMap":{"Echomo-Xinyu":"SUN ..INYU","cedricongjh":"ONG ..DRIC","vigneshsankariyer1234567890":"VIGN..IYER","weiquu":"NEO ..QING","itsyme":"LEE ..AVID","Eclipse-Dominator":"LI Z..AOQI","vvidday":"DAVI.. ONG","ckcherry23":"CHAR..USAR","domlimm":"DOMI.. JUN","jasonqiu212":"QIU ..ASON","MarcusTXK":"MARC.. KYE","sikai00":"CHAN.. KAI","EuniceSim142":"SIM ..NICE","yucheng11122017":"CHAN..HENG","hhdqirui":"WU Q..IRUI","EltonGohJH":"ELTO.. HAO","lhw-1":"LEE ..WOON","kevin9foong":"KEVI..TONG","cheehongw":"WONG..HONG"}}
