{"authorDailyContributionsMap":{"Echomo-Xinyu":[],"cedricongjh":[],"vigneshsankariyer1234567890":[{"date":"2023-02-27","commitResults":[{"hash":"8e9595f55e055715704d9a3c6066d625d7504f32","isMergeCommit":false,"messageTitle":"Add tool tip to indicate purpose of file button (#1134)","messageBody":"Co-authored-by: Lee Chun Wei \u003c47494777+chunweii@users.noreply.github.com\u003e\r\nCo-authored-by: Kang Su Min \u003c66008784+kkangs0226@users.noreply.github.com\u003e\r\nCo-authored-by: Chee Hong \u003cc.h.wong2606@gmail.com\u003e","fileTypesAndContributionMap":{"html":{"insertions":1,"deletions":0}}}]},{"date":"2023-03-05","commitResults":[{"hash":"0c04506bdb13893151c1434d23252986a12d2b65","isMergeCommit":false,"messageTitle":"Merge master into release for V3.4.5 (#1150)","messageBody":"Merge master into release to release V3.4.5","tags":["V3.4.5"],"fileTypesAndContributionMap":{"css":{"insertions":1,"deletions":0},"html":{"insertions":105,"deletions":15},"ts":{"insertions":1262,"deletions":265}}}]},{"date":"2023-03-16","commitResults":[{"hash":"827e17dc6d99706e2c99204f88d2a5e73fb8d27e","isMergeCommit":false,"messageTitle":"Remove electron dependencies  (#1153)","messageBody":"Refactor and remove uses of Electron from CATcher\r\n\r\nThere are many uses of Electron in CATcher, even with the CATcher Electron\r\napp being deprecated.  As such, there are many instances of unused code,\r\nwhich is bad practice. Removing instances of uses of Electron allows us to\r\ntrim the codebase and remove dead code.\r\n\r\nLet\u0027s \r\n* Refactor and remove uses of Electron from CATcher\r\n* Remove all uses of Electron in the `src` folder first.\r\n* Remove uses of Electron from `package.json` and other files\r\n* Delete folders such as `electron-utils` and files such as `postinstall` that\r\nare used to initialise electron\r\n* Remove and amend scripts in `package.json` that are involved in\r\nbuilding the electron app\r\n* Edit `deployment-actions.yml` to remove pre-build actions from CD\r\nworkflow","fileTypesAndContributionMap":{"js":{"insertions":0,"deletions":32},"html":{"insertions":1,"deletions":4},"ts":{"insertions":32,"deletions":539}}}]},{"date":"2023-04-05","commitResults":[{"hash":"0f73affd9d9ec416962996237821d0f6c1b35a23","isMergeCommit":false,"messageTitle":"Add spinners to indicate if edited information in issue has been persisted (#1172)","messageBody":"Add spinners to indicate if edited information in issue has been persisted.\r\n\r\nCurrently, there are not many indications on whether edited changes to an issue have been successful.\r\n\r\nA user has to guess after submitting his/her changes on whether the edited changes have been persisted.\r\n\r\nAdding spinners to indicate if this has been successful will allow for better and more interactive UI/UX\r\n\r\nLet\u0027s\r\n* Add a Loading Service that abstracts the logic of whether a particular component has pending changes made\r\n* Loading Service can help future devs to build their spinners and appropriately add them\r\n* Add spinners on buttons which are in charge of submitting the information \r\n* Add unit tests to ensure functionality of LoadingService\r\n* Add unit tests for implemented methods in TitleComponent, DescriptionComponent and LabelComponent ","fileTypesAndContributionMap":{"css":{"insertions":23,"deletions":0},"html":{"insertions":8,"deletions":3},"ts":{"insertions":720,"deletions":19}}}]}],"weiquu":[],"itsyme":[],"Eclipse-Dominator":[{"date":"2023-02-16","commitResults":[{"hash":"97e5df3c96d4d4816708a5c4e91421191304aa68","isMergeCommit":false,"messageTitle":"Branch fix label (#1139)","messageBody":"Response Label is missing a background color\r\n\r\nThere should be a designated background color for response label.\r\nThe missing background is due to the inconsistent naming of the response attribute in Issues.\r\n\r\nLet\u0027s,\r\n* rename responseTag attribute to response to maintain consistency\r\n* Fix the missing label color instance\r\n* Add additional logging to log similar issues if there is any in the future\r\n---------\r\n\r\nCo-authored-by: Kang Su Min \u003c66008784+kkangs0226@users.noreply.github.com\u003e","fileTypesAndContributionMap":{"html":{"insertions":11,"deletions":11},"ts":{"insertions":27,"deletions":22}}}]},{"date":"2023-03-13","commitResults":[{"hash":"ae3b4fd72ca83a9015bcf2b32711ef80939f0ddb","isMergeCommit":false,"messageTitle":"Fixes undefined properties of form (#1165)","messageBody":"Fix undefined property of new-team-response form component\r\n\r\n`responseTag` has been renamed to `response` in `newTeamResponseForm`.\r\nLet\u0027s change the incorrect reference to the `response` that is causing issues\r\nin the team response phase.","fileTypesAndContributionMap":{"ts":{"insertions":1,"deletions":1}}}]},{"date":"2023-03-20","commitResults":[{"hash":"0a5d90ad82ba2ce2d74620867392d5abec6a6f84","isMergeCommit":false,"messageTitle":"Fixes rendering for checkboxes (#1155)","messageBody":"Checkboxes are not longer being rendered due to the sanitizer sanitizing html input tags\r\n\r\nHowever, removing the sanitizer could be unsafe\r\n\r\nLet\u0027s\r\n* Fixes checkboxes being sanitized when rendered in markdown\r\n* Replace checkbox rendering via the use of emojis \r\n* Addition of fontawesome icon library to standardize emoji font face\r\n\r\n---------\r\n\r\nCo-authored-by: Kang Su Min \u003c66008784+kkangs0226@users.noreply.github.com\u003e","fileTypesAndContributionMap":{"css":{"insertions":18,"deletions":0},"ts":{"insertions":4,"deletions":0}}}]},{"date":"2023-03-23","commitResults":[{"hash":"ca7a8e5b09d1d702af635ccabefb29d702436b42","isMergeCommit":false,"messageTitle":"Fix unintended binding of title attribute (#1168)","messageBody":"Invalid tooltips from being displayed due to unintended binding of title attribute\r\n\r\nLet\u0027s \r\n* Avoid the issue by renaming title to descriptionTitle","fileTypesAndContributionMap":{"html":{"insertions":2,"deletions":2},"ts":{"insertions":1,"deletions":1}}}]},{"date":"2023-03-28","commitResults":[{"hash":"9c731c634eb58ed74b40fc5ab7291f43e6b151af","isMergeCommit":false,"messageTitle":"Add tooltip to markdown toolbar (#1167)","messageBody":"Add tooltip to markdown toolbar\r\n\r\nCurrently tooltips bar does not have a tooltip when hovered upon.\r\nThis can cause confusion in finding out what the buttons do.\r\n\r\nLet\u0027s add custom tooltips to the buttons in the toolbar.","fileTypesAndContributionMap":{"html":{"insertions":12,"deletions":12}}}]},{"date":"2023-03-30","commitResults":[{"hash":"2acdf63ea25e2b87b4b940cc587ef592f44348a6","isMergeCommit":false,"messageTitle":"Fix breaking of hotkeys when caps lock is turned on (#1179)","messageBody":"Keyboard hotkeys like bold and italics breaks when Caps lock is turned on.\r\n\r\nLet\u0027s\r\n* Change checking of keys from using KeyboardEvent.key to use KeyboardEvent.code\r\n* Adds additional check to ensure Shift key is not pressed when executing these hotkeys","fileTypesAndContributionMap":{"ts":{"insertions":4,"deletions":4}}}]},{"date":"2023-04-05","commitResults":[{"hash":"bf4abfeb60589e99fbf7eaed124f591d80f2e8a0","isMergeCommit":false,"messageTitle":"Custom undo and redo stack in comment editor (#1164)","messageBody":"Undo and redo history breaks upon actions that edit the text area \r\nprogrammatically such as pasting in an image\r\n\r\nLet\u0027s\r\n* Replace the undo redo in text area with a custom version\r\n* Prevents the resetting of undo and redo","fileTypesAndContributionMap":{"css":{"insertions":5305,"deletions":6},"html":{"insertions":3,"deletions":1},"ts":{"insertions":380,"deletions":8}}}]},{"date":"2023-04-10","commitResults":[{"hash":"b94cfaa03ac3cbd272434050d4392760d0180dbd","isMergeCommit":false,"messageTitle":"Remove nested subscribers (#1184)","messageBody":"Inefficient nesting of subscribers in IssueDataTable has introduced \r\nunnecessary and very expensive computes to CATcher.\r\n\r\nLet\u0027s \r\n- Improve CATcher\u0027s efficiency by removing the nesting of subscribers\r\nin IssueDataTable.ts","fileTypesAndContributionMap":{"ts":{"insertions":12,"deletions":16}}}]}],"vvidday":[],"ckcherry23":[],"domlimm":[],"jasonqiu212":[],"MarcusTXK":[],"sikai00":[],"EuniceSim142":[],"yucheng11122017":[],"hhdqirui":[],"EltonGohJH":[],"lhw-1":[],"kevin9foong":[],"cheehongw":[{"date":"2023-02-13","commitResults":[{"hash":"00b7cc9494b8ba88523e3a237eb13d817c555933","isMergeCommit":false,"messageTitle":"Use different separator when parsing  (#997)","messageBody":"* Replace line separator\r\n\r\n* Replace divider line with custom html tag\r\n\r\n---------\r\n\r\nCo-authored-by: Kang Su Min \u003c66008784+kkangs0226@users.noreply.github.com\u003e","fileTypesAndContributionMap":{"ts":{"insertions":18,"deletions":17}}}]},{"date":"2023-02-27","commitResults":[{"hash":"2fbbd046d72455e399bf744b8f0986ead99ad7bf","isMergeCommit":false,"messageTitle":"Standardize logging formats and add more logging (#1147)","messageBody":"* Update logging format to use `codefile: action`\r\n\r\n* Update logging format for ErrorHandlingService\r\n\r\n- Use `codefile: action` format\r\n- Fix tests\r\n\r\n* Add more logging for AuthService\r\n\r\n* Add additional logging\r\n\r\n* Rename loggingService to logging\r\n\r\n* Fix tests","fileTypesAndContributionMap":{"ts":{"insertions":88,"deletions":81}}}]},{"date":"2023-03-20","commitResults":[{"hash":"107af02e119b3fbb5c47bdaf05650f8fa8bdfe25","isMergeCommit":false,"messageTitle":"Fix TesterResponse \u0026 IssueDispute representation (#1175)","messageBody":"Fix TesterResponse \u0026 IssueDispute representation\r\n\r\nLet\u0027s update the string representation of TesterResponse and\r\nIssueDispute to use the new line separator \u003ccatcher-end-of-segment\u003e\u003chr\u003e\r\ninstead of `--------------`.","tags":["V3.4.7"],"fileTypesAndContributionMap":{"ts":{"insertions":2,"deletions":2}}}]},{"date":"2023-04-14","commitResults":[{"hash":"ffae1f1a119e89cd5f50c5ae49732c5158e3b486","isMergeCommit":false,"messageTitle":"Migrate Login page e2e test to Playwright (#1185)","messageBody":"Migrate Login page e2e test to Playwright\r\n\r\nLet\u0027s\r\n- Initialize Playwright config files\r\n- Add Playwright workflow\r\n- Migrate Protractor\u0027s `login.e2e-spec.ts` to Playwright\u0027s `login.spec.ts`","fileTypesAndContributionMap":{"ts":{"insertions":116,"deletions":21}}}]},{"date":"2023-04-17","commitResults":[{"hash":"28efc95cc491587b87e822dc160813cbb8bc5004","isMergeCommit":false,"messageTitle":"Migrate bug reporting phase e2e test to Playwright (#1186)","messageBody":"Let\u0027s\r\n- Migrate `bugReportingPhase.e2e-spec.ts` to Playwright\u0027s \r\n`bugReportingPhase.spec.ts`\r\n- Remove protractor from CATcher","fileTypesAndContributionMap":{"js":{"insertions":0,"deletions":81},"ts":{"insertions":147,"deletions":132}}},{"hash":"c4d09590889f363b9c7e241b61f486d8c2c2f12e","isMergeCommit":false,"messageTitle":"Clean up playwright migration (#1190)","messageBody":"Clean up playwright migration\r\n\r\nThere are some leftover tasks to complete the e2e migration.\r\n\r\nLet\u0027s remove the extraneous login.spec.ts file, as well as webdriver \r\nfrom package.json","fileTypesAndContributionMap":{"ts":{"insertions":0,"deletions":25}}}]},{"date":"2023-09-19","commitResults":[{"hash":"08e036322589d532138de0aa9fdb269e0ff04c9e","isMergeCommit":false,"messageTitle":"Upgrade to Angular 11 (#1203)","messageBody":"Upgrade to Angular 11\r\n\r\nSome of our packages are old and outdated. We should actively maintain \r\nand keep these packages up-to-date so it is easier to maintain in the \r\nfuture.\r\n\r\nLet\u0027s upgrade to Angular 11 to keep our packages up-to-date.","fileTypesAndContributionMap":{"html":{"insertions":1,"deletions":1},"ts":{"insertions":7,"deletions":13}}}]},{"date":"2024-02-19","commitResults":[{"hash":"e319865542a3bff38c5ac9dc3a44344c4bd952c6","isMergeCommit":false,"messageTitle":"Upgrade to Angular 12 (#1242)","messageBody":"Some of our packages are old and outdated. We should actively maintain \r\nand keep these packages up-to-date so it is easier to maintain in the \r\nfuture.\r\n\r\nLet\u0027s upgrade to Angular 12 to keep our packages up-to-date.","fileTypesAndContributionMap":{"ts":{"insertions":3,"deletions":3}}}]}]},"authorFileTypeContributionMap":{"Echomo-Xinyu":{"js":0,"css":0,"html":0,"ts":0},"cedricongjh":{"js":0,"css":0,"html":0,"ts":0},"vigneshsankariyer1234567890":{"js":0,"css":23,"html":20,"ts":981},"weiquu":{"js":0,"css":0,"html":0,"ts":0},"itsyme":{"js":0,"css":0,"html":0,"ts":0},"Eclipse-Dominator":{"js":0,"css":5317,"html":15,"ts":372},"vvidday":{"js":0,"css":0,"html":0,"ts":0},"ckcherry23":{"js":0,"css":0,"html":0,"ts":0},"domlimm":{"js":0,"css":0,"html":0,"ts":0},"jasonqiu212":{"js":0,"css":0,"html":0,"ts":0},"MarcusTXK":{"js":0,"css":0,"html":0,"ts":0},"sikai00":{"js":0,"css":0,"html":0,"ts":0},"EuniceSim142":{"js":0,"css":0,"html":0,"ts":0},"yucheng11122017":{"js":0,"css":0,"html":0,"ts":0},"hhdqirui":{"js":0,"css":0,"html":0,"ts":0},"EltonGohJH":{"js":0,"css":0,"html":0,"ts":0},"lhw-1":{"js":0,"css":0,"html":0,"ts":0},"kevin9foong":{"js":0,"css":0,"html":0,"ts":0},"cheehongw":{"js":0,"css":0,"html":0,"ts":249}},"authorContributionVariance":{"Echomo-Xinyu":0.0,"cedricongjh":0.0,"vigneshsankariyer1234567890":8211.987,"weiquu":0.0,"itsyme":0.0,"Eclipse-Dominator":72766.414,"vvidday":0.0,"ckcherry23":0.0,"domlimm":0.0,"jasonqiu212":0.0,"MarcusTXK":0.0,"sikai00":0.0,"EuniceSim142":0.0,"yucheng11122017":0.0,"hhdqirui":0.0,"EltonGohJH":0.0,"lhw-1":0.0,"kevin9foong":0.0,"cheehongw":439.52557},"authorDisplayNameMap":{"Echomo-Xinyu":"SUN ..INYU","cedricongjh":"ONG ..DRIC","vigneshsankariyer1234567890":"VIGN..IYER","weiquu":"NEO ..QING","itsyme":"LEE ..AVID","Eclipse-Dominator":"LI Z..AOQI","vvidday":"DAVI.. ONG","ckcherry23":"CHAR..USAR","domlimm":"DOMI.. JUN","jasonqiu212":"QIU ..ASON","MarcusTXK":"MARC.. KYE","sikai00":"CHAN.. KAI","EuniceSim142":"SIM ..NICE","yucheng11122017":"CHAN..HENG","hhdqirui":"WU Q..IRUI","EltonGohJH":"ELTO.. HAO","lhw-1":"LEE ..WOON","kevin9foong":"KEVI..TONG","cheehongw":"WONG..HONG"}}
