{"authorDailyContributionsMap":{"Echomo-Xinyu":[],"parth-io":[],"cedricongjh":[],"vigneshsankariyer1234567890":[],"weiquu":[],"itsyme":[],"Eclipse-Dominator":[],"vvidday":[],"ckcherry23":[],"domlimm":[],"jasonqiu212":[],"MarcusTXK":[],"sikai00":[],"EuniceSim142":[],"yucheng11122017":[],"hhdqirui":[],"EltonGohJH":[],"lhw-1":[],"kevin9foong":[],"cheehongw":[{"date":"2023-02-13","commitResults":[{"hash":"00b7cc9494b8ba88523e3a237eb13d817c555933","messageTitle":"Use different separator when parsing  (#997)","messageBody":"* Replace line separator\r\n\r\n* Replace divider line with custom html tag\r\n\r\n---------\r\n\r\nCo-authored-by: Kang Su Min \u003c66008784+kkangs0226@users.noreply.github.com\u003e","fileTypesAndContributionMap":{"ts":{"insertions":18,"deletions":17}}}]}]},"authorFileTypeContributionMap":{"Echomo-Xinyu":{"js":0,"css":0,"html":0,"ts":0},"parth-io":{"js":0,"css":0,"html":0,"ts":0},"cedricongjh":{"js":0,"css":0,"html":0,"ts":0},"vigneshsankariyer1234567890":{"js":0,"css":0,"html":0,"ts":0},"weiquu":{"js":0,"css":0,"html":0,"ts":0},"itsyme":{"js":0,"css":0,"html":0,"ts":0},"Eclipse-Dominator":{"js":0,"css":0,"html":0,"ts":0},"vvidday":{"js":0,"css":0,"html":0,"ts":0},"ckcherry23":{"js":0,"css":0,"html":0,"ts":0},"domlimm":{"js":0,"css":0,"html":0,"ts":0},"jasonqiu212":{"js":0,"css":0,"html":0,"ts":0},"MarcusTXK":{"js":0,"css":0,"html":0,"ts":0},"sikai00":{"js":0,"css":0,"html":0,"ts":0},"EuniceSim142":{"js":0,"css":0,"html":0,"ts":0},"yucheng11122017":{"js":0,"css":0,"html":0,"ts":0},"hhdqirui":{"js":0,"css":0,"html":0,"ts":0},"EltonGohJH":{"js":0,"css":0,"html":0,"ts":0},"lhw-1":{"js":0,"css":0,"html":0,"ts":0},"kevin9foong":{"js":0,"css":0,"html":0,"ts":0},"cheehongw":{"js":0,"css":0,"html":0,"ts":18}},"authorContributionVariance":{"Echomo-Xinyu":0.0,"parth-io":0.0,"cedricongjh":0.0,"vigneshsankariyer1234567890":0.0,"weiquu":0.0,"itsyme":0.0,"Eclipse-Dominator":0.0,"vvidday":0.0,"ckcherry23":0.0,"domlimm":0.0,"jasonqiu212":0.0,"MarcusTXK":0.0,"sikai00":0.0,"EuniceSim142":0.0,"yucheng11122017":0.0,"hhdqirui":0.0,"EltonGohJH":0.0,"lhw-1":0.0,"kevin9foong":0.0,"cheehongw":16.115555},"authorDisplayNameMap":{"Echomo-Xinyu":"SUN ..INYU","parth-io":"GUJA..LESH","cedricongjh":"ONG ..DRIC","vigneshsankariyer1234567890":"VIGN..IYER","weiquu":"NEO ..QING","itsyme":"LEE ..AVID","Eclipse-Dominator":"LI Z..AOQI","vvidday":"DAVI.. ONG","ckcherry23":"CHAR..USAR","domlimm":"DOMI.. JUN","jasonqiu212":"QIU ..ASON","MarcusTXK":"MARC.. KYE","sikai00":"CHAN.. KAI","EuniceSim142":"SIM ..NICE","yucheng11122017":"CHAN..HENG","hhdqirui":"WU Q..IRUI","EltonGohJH":"ELTO.. HAO","lhw-1":"LEE ..WOON","kevin9foong":"KEVI..TONG","cheehongw":"WONG..HONG"}}
