[{"path":"src/main/java/seedu/address/storage/JsonAdaptedPerson.java","fileType":"java","lines":[{"lineNumber":1,"author":{"gitId":"-"},"content":"package seedu.address.storage;"},{"lineNumber":2,"author":{"gitId":"-"},"content":""},{"lineNumber":3,"author":{"gitId":"-"},"content":"import java.util.ArrayList;"},{"lineNumber":4,"author":{"gitId":"-"},"content":"import java.util.HashSet;"},{"lineNumber":5,"author":{"gitId":"-"},"content":"import java.util.List;"},{"lineNumber":6,"author":{"gitId":"-"},"content":"import java.util.Set;"},{"lineNumber":7,"author":{"gitId":"-"},"content":"import java.util.stream.Collectors;"},{"lineNumber":8,"author":{"gitId":"-"},"content":""},{"lineNumber":9,"author":{"gitId":"-"},"content":"import com.fasterxml.jackson.annotation.JsonCreator;"},{"lineNumber":10,"author":{"gitId":"-"},"content":"import com.fasterxml.jackson.annotation.JsonProperty;"},{"lineNumber":11,"author":{"gitId":"-"},"content":""},{"lineNumber":12,"author":{"gitId":"-"},"content":"import seedu.address.commons.exceptions.IllegalValueException;"},{"lineNumber":13,"author":{"gitId":"-"},"content":"import seedu.address.model.person.Address;"},{"lineNumber":14,"author":{"gitId":"-"},"content":"import seedu.address.model.person.Email;"},{"lineNumber":15,"author":{"gitId":"-"},"content":"import seedu.address.model.person.Name;"},{"lineNumber":16,"author":{"gitId":"-"},"content":"import seedu.address.model.person.Person;"},{"lineNumber":17,"author":{"gitId":"-"},"content":"import seedu.address.model.person.Phone;"},{"lineNumber":18,"author":{"gitId":"-"},"content":"import seedu.address.model.tag.Tag;"},{"lineNumber":19,"author":{"gitId":"-"},"content":""},{"lineNumber":20,"author":{"gitId":"-"},"content":"/**"},{"lineNumber":21,"author":{"gitId":"-"},"content":" * Jackson-friendly version of {@link Person}."},{"lineNumber":22,"author":{"gitId":"-"},"content":" */"},{"lineNumber":23,"author":{"gitId":"-"},"content":"class JsonAdaptedPerson {"},{"lineNumber":24,"author":{"gitId":"-"},"content":""},{"lineNumber":25,"author":{"gitId":"-"},"content":"    public static final String MISSING_FIELD_MESSAGE_FORMAT \u003d \"Person\u0027s %s field is missing!\";"},{"lineNumber":26,"author":{"gitId":"-"},"content":""},{"lineNumber":27,"author":{"gitId":"-"},"content":"    private final String name;"},{"lineNumber":28,"author":{"gitId":"-"},"content":"    private final String phone;"},{"lineNumber":29,"author":{"gitId":"-"},"content":"    private final String email;"},{"lineNumber":30,"author":{"gitId":"-"},"content":"    private final String address;"},{"lineNumber":31,"author":{"gitId":"-"},"content":"    private final List\u003cJsonAdaptedTag\u003e tags \u003d new ArrayList\u003c\u003e();"},{"lineNumber":32,"author":{"gitId":"-"},"content":""},{"lineNumber":33,"author":{"gitId":"-"},"content":"    /**"},{"lineNumber":34,"author":{"gitId":"-"},"content":"     * Constructs a {@code JsonAdaptedPerson} with the given person details."},{"lineNumber":35,"author":{"gitId":"-"},"content":"     */"},{"lineNumber":36,"author":{"gitId":"-"},"content":"    @JsonCreator"},{"lineNumber":37,"author":{"gitId":"-"},"content":"    public JsonAdaptedPerson(@JsonProperty(\"name\") String name, @JsonProperty(\"phone\") String phone,"},{"lineNumber":38,"author":{"gitId":"-"},"content":"            @JsonProperty(\"email\") String email, @JsonProperty(\"address\") String address,"},{"lineNumber":39,"author":{"gitId":"Eclipse-Dominator"},"content":"            @JsonProperty(\"tags\") List\u003cJsonAdaptedTag\u003e tags) {"},{"lineNumber":40,"author":{"gitId":"-"},"content":"        this.name \u003d name;"},{"lineNumber":41,"author":{"gitId":"-"},"content":"        this.phone \u003d phone;"},{"lineNumber":42,"author":{"gitId":"-"},"content":"        this.email \u003d email;"},{"lineNumber":43,"author":{"gitId":"-"},"content":"        this.address \u003d address;"},{"lineNumber":44,"author":{"gitId":"-"},"content":"        if (tags !\u003d null) {"},{"lineNumber":45,"author":{"gitId":"-"},"content":"            this.tags.addAll(tags);"},{"lineNumber":46,"author":{"gitId":"-"},"content":"        }"},{"lineNumber":47,"author":{"gitId":"-"},"content":"    }"},{"lineNumber":48,"author":{"gitId":"-"},"content":""},{"lineNumber":49,"author":{"gitId":"-"},"content":"    /**"},{"lineNumber":50,"author":{"gitId":"-"},"content":"     * Converts a given {@code Person} into this class for Jackson use."},{"lineNumber":51,"author":{"gitId":"-"},"content":"     */"},{"lineNumber":52,"author":{"gitId":"-"},"content":"    public JsonAdaptedPerson(Person source) {"},{"lineNumber":53,"author":{"gitId":"-"},"content":"        name \u003d source.getName().fullName;"},{"lineNumber":54,"author":{"gitId":"-"},"content":"        phone \u003d source.getPhone().value;"},{"lineNumber":55,"author":{"gitId":"-"},"content":"        email \u003d source.getEmail().value;"},{"lineNumber":56,"author":{"gitId":"-"},"content":"        address \u003d source.getAddress().value;"},{"lineNumber":57,"author":{"gitId":"-"},"content":"        tags.addAll(source.getTags().stream()"},{"lineNumber":58,"author":{"gitId":"-"},"content":"                .map(JsonAdaptedTag::new)"},{"lineNumber":59,"author":{"gitId":"-"},"content":"                .collect(Collectors.toList()));"},{"lineNumber":60,"author":{"gitId":"-"},"content":"    }"},{"lineNumber":61,"author":{"gitId":"-"},"content":""},{"lineNumber":62,"author":{"gitId":"-"},"content":"    /**"},{"lineNumber":63,"author":{"gitId":"-"},"content":"     * Converts this Jackson-friendly adapted person object into the model\u0027s {@code Person} object."},{"lineNumber":64,"author":{"gitId":"-"},"content":"     *"},{"lineNumber":65,"author":{"gitId":"-"},"content":"     * @throws IllegalValueException if there were any data constraints violated in the adapted person."},{"lineNumber":66,"author":{"gitId":"-"},"content":"     */"},{"lineNumber":67,"author":{"gitId":"-"},"content":"    public Person toModelType() throws IllegalValueException {"},{"lineNumber":68,"author":{"gitId":"-"},"content":"        final List\u003cTag\u003e personTags \u003d new ArrayList\u003c\u003e();"},{"lineNumber":69,"author":{"gitId":"-"},"content":"        for (JsonAdaptedTag tag : tags) {"},{"lineNumber":70,"author":{"gitId":"-"},"content":"            personTags.add(tag.toModelType());"},{"lineNumber":71,"author":{"gitId":"-"},"content":"        }"},{"lineNumber":72,"author":{"gitId":"-"},"content":""},{"lineNumber":73,"author":{"gitId":"-"},"content":"        if (name \u003d\u003d null) {"},{"lineNumber":74,"author":{"gitId":"-"},"content":"            throw new IllegalValueException(String.format(MISSING_FIELD_MESSAGE_FORMAT, Name.class.getSimpleName()));"},{"lineNumber":75,"author":{"gitId":"-"},"content":"        }"},{"lineNumber":76,"author":{"gitId":"-"},"content":"        if (!Name.isValidName(name)) {"},{"lineNumber":77,"author":{"gitId":"-"},"content":"            throw new IllegalValueException(Name.MESSAGE_CONSTRAINTS);"},{"lineNumber":78,"author":{"gitId":"-"},"content":"        }"},{"lineNumber":79,"author":{"gitId":"-"},"content":"        final Name modelName \u003d new Name(name);"},{"lineNumber":80,"author":{"gitId":"-"},"content":""},{"lineNumber":81,"author":{"gitId":"-"},"content":"        if (phone \u003d\u003d null) {"},{"lineNumber":82,"author":{"gitId":"-"},"content":"            throw new IllegalValueException(String.format(MISSING_FIELD_MESSAGE_FORMAT, Phone.class.getSimpleName()));"},{"lineNumber":83,"author":{"gitId":"-"},"content":"        }"},{"lineNumber":84,"author":{"gitId":"-"},"content":"        if (!Phone.isValidPhone(phone)) {"},{"lineNumber":85,"author":{"gitId":"-"},"content":"            throw new IllegalValueException(Phone.MESSAGE_CONSTRAINTS);"},{"lineNumber":86,"author":{"gitId":"-"},"content":"        }"},{"lineNumber":87,"author":{"gitId":"-"},"content":"        final Phone modelPhone \u003d new Phone(phone);"},{"lineNumber":88,"author":{"gitId":"-"},"content":""},{"lineNumber":89,"author":{"gitId":"-"},"content":"        if (email \u003d\u003d null) {"},{"lineNumber":90,"author":{"gitId":"-"},"content":"            throw new IllegalValueException(String.format(MISSING_FIELD_MESSAGE_FORMAT, Email.class.getSimpleName()));"},{"lineNumber":91,"author":{"gitId":"-"},"content":"        }"},{"lineNumber":92,"author":{"gitId":"-"},"content":"        if (!Email.isValidEmail(email)) {"},{"lineNumber":93,"author":{"gitId":"-"},"content":"            throw new IllegalValueException(Email.MESSAGE_CONSTRAINTS);"},{"lineNumber":94,"author":{"gitId":"-"},"content":"        }"},{"lineNumber":95,"author":{"gitId":"-"},"content":"        final Email modelEmail \u003d new Email(email);"},{"lineNumber":96,"author":{"gitId":"-"},"content":""},{"lineNumber":97,"author":{"gitId":"-"},"content":"        if (address \u003d\u003d null) {"},{"lineNumber":98,"author":{"gitId":"-"},"content":"            throw new IllegalValueException(String.format(MISSING_FIELD_MESSAGE_FORMAT, Address.class.getSimpleName()));"},{"lineNumber":99,"author":{"gitId":"-"},"content":"        }"},{"lineNumber":100,"author":{"gitId":"-"},"content":"        if (!Address.isValidAddress(address)) {"},{"lineNumber":101,"author":{"gitId":"-"},"content":"            throw new IllegalValueException(Address.MESSAGE_CONSTRAINTS);"},{"lineNumber":102,"author":{"gitId":"-"},"content":"        }"},{"lineNumber":103,"author":{"gitId":"-"},"content":"        final Address modelAddress \u003d new Address(address);"},{"lineNumber":104,"author":{"gitId":"-"},"content":""},{"lineNumber":105,"author":{"gitId":"-"},"content":"        final Set\u003cTag\u003e modelTags \u003d new HashSet\u003c\u003e(personTags);"},{"lineNumber":106,"author":{"gitId":"-"},"content":"        return new Person(modelName, modelPhone, modelEmail, modelAddress, modelTags);"},{"lineNumber":107,"author":{"gitId":"-"},"content":"    }"},{"lineNumber":108,"author":{"gitId":"-"},"content":""},{"lineNumber":109,"author":{"gitId":"-"},"content":"}"}],"authorContributionMap":{"Eclipse-Dominator":1,"-":108}}]
