{"authorDailyContributionsMap":{"Echomo-Xinyu":[],"cedricongjh":[],"vigneshsankariyer1234567890":[],"weiquu":[],"itsyme":[],"Eclipse-Dominator":[{"date":"2023-05-12","commitResults":[{"hash":"1e05fef55ce2682d7024311403dd9e4a1895495c","isMergeCommit":false,"messageTitle":"JsonAdaptedPerson: Change JSON property name tagged -\u003e tags","messageBody":"Similar to the previous commit, let\u0027s change the JSON property name\n\u0027tagged\u0027 in the JsonAdaptedPerson class to \u0027tags\u0027.\n","fileTypesAndContributionMap":{"java":{"insertions":1,"deletions":1}}}]},{"date":"2023-05-18","commitResults":[{"hash":"a3f7c826243a9c5685a636918f4e54c20b4dff45","isMergeCommit":false,"messageTitle":"Make file-related log messages more informative","messageBody":"Let\u0027s make file-related log messages more informative, as follows:\n* include the file location when referring to a file\n* use a more informative term: prefs -\u003e preferences\n","fileTypesAndContributionMap":{"java":{"insertions":15,"deletions":11}}}]},{"date":"2023-05-20","commitResults":[{"hash":"481a3d92aee8089c7c4f3574183a3b337b89b97a","isMergeCommit":false,"messageTitle":"Add a null check to LogCenter.getLogger(Class\u003cT\u003e)","messageBody":"LogCenter.getLogger(Class\u003cT\u003e clazz) creates a Logger named\nafter the given class. If the clazz is null, it is supposed to\ncreate a Logger with an empty String as the name.\n\nThe current implementation calls Logger.getLogger(\"\")\ninstead of LogCenter.getLogger(\"\"), which results in the Logger\nobject not having the handlers that are added inside the\nLogCenter.getLogger(String) method. This means log messages\nwritten using such a logger will not appear in the log files.\n\nHowever, the current codebase has no use case for passing a\nnull object to this method. As per the YAGNI principle,\nwe should not implement that ability until we actually need it.\n\nHence, instead of correcting the said error, let\u0027s add an assertion\nto ensure null is never passed to this method, eliminating the need\nfor the buggy code path in the first place.\n","fileTypesAndContributionMap":{"java":{"insertions":3,"deletions":3}}}]}],"vvidday":[],"ckcherry23":[],"domlimm":[],"jasonqiu212":[],"MarcusTXK":[],"sikai00":[],"EuniceSim142":[],"yucheng11122017":[],"hhdqirui":[],"EltonGohJH":[],"lhw-1":[],"kevin9foong":[],"cheehongw":[]},"authorFileTypeContributionMap":{"Echomo-Xinyu":{"java":0,"js":0,"css":0,"adoc":0,"fxml":0,"gradle":0},"cedricongjh":{"java":0,"js":0,"css":0,"adoc":0,"fxml":0,"gradle":0},"vigneshsankariyer1234567890":{"java":0,"js":0,"css":0,"adoc":0,"fxml":0,"gradle":0},"weiquu":{"java":0,"js":0,"css":0,"adoc":0,"fxml":0,"gradle":0},"itsyme":{"java":0,"js":0,"css":0,"adoc":0,"fxml":0,"gradle":0},"Eclipse-Dominator":{"java":18,"js":0,"css":0,"adoc":0,"fxml":0,"gradle":0},"vvidday":{"java":0,"js":0,"css":0,"adoc":0,"fxml":0,"gradle":0},"ckcherry23":{"java":0,"js":0,"css":0,"adoc":0,"fxml":0,"gradle":0},"domlimm":{"java":0,"js":0,"css":0,"adoc":0,"fxml":0,"gradle":0},"jasonqiu212":{"java":0,"js":0,"css":0,"adoc":0,"fxml":0,"gradle":0},"MarcusTXK":{"java":0,"js":0,"css":0,"adoc":0,"fxml":0,"gradle":0},"sikai00":{"java":0,"js":0,"css":0,"adoc":0,"fxml":0,"gradle":0},"EuniceSim142":{"java":0,"js":0,"css":0,"adoc":0,"fxml":0,"gradle":0},"yucheng11122017":{"java":0,"js":0,"css":0,"adoc":0,"fxml":0,"gradle":0},"hhdqirui":{"java":0,"js":0,"css":0,"adoc":0,"fxml":0,"gradle":0},"EltonGohJH":{"java":0,"js":0,"css":0,"adoc":0,"fxml":0,"gradle":0},"lhw-1":{"java":0,"js":0,"css":0,"adoc":0,"fxml":0,"gradle":0},"kevin9foong":{"java":0,"js":0,"css":0,"adoc":0,"fxml":0,"gradle":0},"cheehongw":{"java":0,"js":0,"css":0,"adoc":0,"fxml":0,"gradle":0}},"authorContributionVariance":{"Echomo-Xinyu":0.0,"cedricongjh":0.0,"vigneshsankariyer1234567890":0.0,"weiquu":0.0,"itsyme":0.0,"Eclipse-Dominator":4.147601,"vvidday":0.0,"ckcherry23":0.0,"domlimm":0.0,"jasonqiu212":0.0,"MarcusTXK":0.0,"sikai00":0.0,"EuniceSim142":0.0,"yucheng11122017":0.0,"hhdqirui":0.0,"EltonGohJH":0.0,"lhw-1":0.0,"kevin9foong":0.0,"cheehongw":0.0},"authorDisplayNameMap":{"Echomo-Xinyu":"SUN ..INYU","cedricongjh":"ONG ..DRIC","vigneshsankariyer1234567890":"VIGN..IYER","weiquu":"NEO ..QING","itsyme":"LEE ..AVID","Eclipse-Dominator":"LI Z..AOQI","vvidday":"DAVI.. ONG","ckcherry23":"CHAR..USAR","domlimm":"DOMI.. JUN","jasonqiu212":"QIU ..ASON","MarcusTXK":"MARC.. KYE","sikai00":"CHAN.. KAI","EuniceSim142":"SIM ..NICE","yucheng11122017":"CHAN..HENG","hhdqirui":"WU Q..IRUI","EltonGohJH":"ELTO.. HAO","lhw-1":"LEE ..WOON","kevin9foong":"KEVI..TONG","cheehongw":"WONG..HONG"}}
