{"authorDailyContributionsMap":{"Echomo-Xinyu":[],"parth-io":[],"cedricongjh":[],"vigneshsankariyer1234567890":[],"weiquu":[],"itsyme":[],"Eclipse-Dominator":[],"vvidday":[],"ckcherry23":[],"domlimm":[],"jasonqiu212":[],"MarcusTXK":[],"sikai00":[],"EuniceSim142":[],"yucheng11122017":[],"hhdqirui":[],"EltonGohJH":[],"lhw-1":[],"kevin9foong":[],"cheehongw":[]},"authorFileTypeContributionMap":{"Echomo-Xinyu":{"java":0,"js":0,"css":0,"adoc":0,"fxml":0,"gradle":0},"parth-io":{"java":0,"js":0,"css":0,"adoc":0,"fxml":0,"gradle":0},"cedricongjh":{"java":0,"js":0,"css":0,"adoc":0,"fxml":0,"gradle":0},"vigneshsankariyer1234567890":{"java":0,"js":0,"css":0,"adoc":0,"fxml":0,"gradle":0},"weiquu":{"java":0,"js":0,"css":0,"adoc":0,"fxml":0,"gradle":0},"itsyme":{"java":0,"js":0,"css":0,"adoc":0,"fxml":0,"gradle":0},"Eclipse-Dominator":{"java":0,"js":0,"css":0,"adoc":0,"fxml":0,"gradle":0},"vvidday":{"java":0,"js":0,"css":0,"adoc":0,"fxml":0,"gradle":0},"ckcherry23":{"java":0,"js":0,"css":0,"adoc":0,"fxml":0,"gradle":0},"domlimm":{"java":0,"js":0,"css":0,"adoc":0,"fxml":0,"gradle":0},"jasonqiu212":{"java":0,"js":0,"css":0,"adoc":0,"fxml":0,"gradle":0},"MarcusTXK":{"java":0,"js":0,"css":0,"adoc":0,"fxml":0,"gradle":0},"sikai00":{"java":0,"js":0,"css":0,"adoc":0,"fxml":0,"gradle":0},"EuniceSim142":{"java":0,"js":0,"css":0,"adoc":0,"fxml":0,"gradle":0},"yucheng11122017":{"java":0,"js":0,"css":0,"adoc":0,"fxml":0,"gradle":0},"hhdqirui":{"java":0,"js":0,"css":0,"adoc":0,"fxml":0,"gradle":0},"EltonGohJH":{"java":0,"js":0,"css":0,"adoc":0,"fxml":0,"gradle":0},"lhw-1":{"java":0,"js":0,"css":0,"adoc":0,"fxml":0,"gradle":0},"kevin9foong":{"java":0,"js":0,"css":0,"adoc":0,"fxml":0,"gradle":0},"cheehongw":{"java":0,"js":0,"css":0,"adoc":0,"fxml":0,"gradle":0}},"authorContributionVariance":{"Echomo-Xinyu":0.0,"parth-io":0.0,"cedricongjh":0.0,"vigneshsankariyer1234567890":0.0,"weiquu":0.0,"itsyme":0.0,"Eclipse-Dominator":0.0,"vvidday":0.0,"ckcherry23":0.0,"domlimm":0.0,"jasonqiu212":0.0,"MarcusTXK":0.0,"sikai00":0.0,"EuniceSim142":0.0,"yucheng11122017":0.0,"hhdqirui":0.0,"EltonGohJH":0.0,"lhw-1":0.0,"kevin9foong":0.0,"cheehongw":0.0},"authorDisplayNameMap":{"Echomo-Xinyu":"SUN ..INYU","parth-io":"GUJA..LESH","cedricongjh":"ONG ..DRIC","vigneshsankariyer1234567890":"VIGN..IYER","weiquu":"NEO ..QING","itsyme":"LEE ..AVID","Eclipse-Dominator":"LI Z..AOQI","vvidday":"DAVI.. ONG","ckcherry23":"CHAR..USAR","domlimm":"DOMI.. JUN","jasonqiu212":"QIU ..ASON","MarcusTXK":"MARC.. KYE","sikai00":"CHAN.. KAI","EuniceSim142":"SIM ..NICE","yucheng11122017":"CHAN..HENG","hhdqirui":"WU Q..IRUI","EltonGohJH":"ELTO.. HAO","lhw-1":"LEE ..WOON","kevin9foong":"KEVI..TONG","cheehongw":"WONG..HONG"}}
