{"authorDailyContributionsMap":{"Echomo-Xinyu":[],"parth-io":[],"cedricongjh":[],"vigneshsankariyer1234567890":[],"weiquu":[],"itsyme":[],"Eclipse-Dominator":[],"vvidday":[{"date":"2022-12-18","commitResults":[{"hash":"9bb130e1ddb8ac0686d2b7e45bc8b89b79fcb2e4","messageTitle":"Update to frontmatter in docs (#2049)","messageBody":"","fileTypesAndContributionMap":{"md":{"insertions":36,"deletions":36},"js":{"insertions":47,"deletions":47},"json":{"insertions":3,"deletions":3},"njk":{"insertions":2,"deletions":2}}}]},{"date":"2022-12-19","commitResults":[{"hash":"9f6e95e0fb87d6a13eae6d915a5d9f721a233912","messageTitle":"Fix search bar to include frontmatter keywords (#2056)","messageBody":"","fileTypesAndContributionMap":{"md":{"insertions":1,"deletions":0},"vue":{"insertions":2,"deletions":1},"json":{"insertions":2,"deletions":1},"js":{"insertions":1,"deletions":0}}}]},{"date":"2022-12-23","commitResults":[{"hash":"d0823c6cf81f7a1eec98f109d83dde308b80c0f2","messageTitle":"Add documentation for previous/next page navigation (#2048)","messageBody":"","fileTypesAndContributionMap":{"md":{"insertions":181,"deletions":1}}}]},{"date":"2023-01-24","commitResults":[{"hash":"21032b86b03ac3d01d9a782ce6c3920e84c80ea8","messageTitle":"Migrate vue-components README (#2104)","messageBody":"","fileTypesAndContributionMap":{"md":{"insertions":66,"deletions":82},"js":{"insertions":1,"deletions":4},"json":{"insertions":0,"deletions":1}}}]},{"date":"2023-02-06","commitResults":[{"hash":"4e7a13aa7da514793dacf3d5faef9e898e51d6b3","messageTitle":"Rephrase \"Creating Custom Fragments\" Section (#2122)","messageBody":"","fileTypesAndContributionMap":{"md":{"insertions":62,"deletions":61}}},{"hash":"56a35103ecae05fa0ba90da5c829ee315f8bbf73","messageTitle":"Deprecate TipBox (#2121)","messageBody":"Both tip-box and box are supported with box being an alias for\r\ntipbox.\r\n\r\nThis could be confusing for users and developers as the use of\r\ntip-box is not documented.\r\n\r\nLet\u0027s deprecate tipbox, remove support for the tip-box tag and\r\nreplace all instances of tipbox to box.\r\n\r\nThis prevents confusion between the use of variations of tipbox in\r\nboth code and documentation, making any reference to or use of this\r\nthis component consistent. Replacing tipbox with box removes the\r\nneed for box being an alias for tipbox, deprecating tipbox completely.","fileTypesAndContributionMap":{"md":{"insertions":21,"deletions":21},"vue":{"insertions":0,"deletions":0},"js":{"insertions":46,"deletions":47}}}]},{"date":"2023-02-11","commitResults":[{"hash":"8b29160237c194dfc6795a64d71dbb06dda36d66","messageTitle":"Update Question/Quiz component design (#2131)","messageBody":"","fileTypesAndContributionMap":{"vue":{"insertions":13,"deletions":13}}}]}],"ckcherry23":[],"domlimm":[{"date":"2022-12-21","commitResults":[{"hash":"f95e68e399893cbf3d5189073a7ec23adff49fce","messageTitle":"Fix bug with dangling separator in pageNav section (#2058)","messageBody":"The separator by CSS styling, border, appears when no title\r\nand nav headings are specified in the markdown files. This should not\r\nappear.\r\n\r\nLet\u0027s fix the logic when rendering the pageNav section to check\r\nif there are title and nav headings provided.\r\n\r\nThis logic will remove the unwanted separator.","fileTypesAndContributionMap":{"md":{"insertions":17,"deletions":0},"json":{"insertions":20,"deletions":0},"js":{"insertions":43,"deletions":0}}}]}],"jasonqiu212":[],"MarcusTXK":[],"sikai00":[],"EuniceSim142":[],"yucheng11122017":[{"date":"2023-02-05","commitResults":[{"hash":"3c24312795436ea7359295b89aceef5a724794ca","messageTitle":"Fix bug to allow highlighting of code with \u0027-\u0027 (#2132)","messageBody":"","fileTypesAndContributionMap":{"md":{"insertions":2,"deletions":1},"js":{"insertions":4,"deletions":2}}}]},{"date":"2023-02-12","commitResults":[{"hash":"84e176e55ff2937e4a52ce3b5894b451b98c3499","messageTitle":"Fix misaligned block in UG (#2127)","messageBody":"","fileTypesAndContributionMap":{"md":{"insertions":9,"deletions":4},"json":{"insertions":2,"deletions":1}}},{"hash":"1dcef01f393e79aa3dedfede63de3db94ef43835","messageTitle":"Fix parsing for code highlight rules (#2138)","messageBody":"","fileTypesAndContributionMap":{"md":{"insertions":2,"deletions":1},"js":{"insertions":49,"deletions":30}}}]}],"hhdqirui":[],"EltonGohJH":[],"lhw-1":[],"kevin9foong":[],"cheehongw":[]},"authorFileTypeContributionMap":{"Echomo-Xinyu":{"java":0,"js":0,"css":0,"json":0,"md":0,"mbd":0,"mbdf":0,"njk":0,"py":0,"vue":0,"yml":0},"parth-io":{"java":0,"js":0,"css":0,"json":0,"md":0,"mbd":0,"mbdf":0,"njk":0,"py":0,"vue":0,"yml":0},"cedricongjh":{"java":0,"js":0,"css":0,"json":0,"md":0,"mbd":0,"mbdf":0,"njk":0,"py":0,"vue":0,"yml":0},"vigneshsankariyer1234567890":{"java":0,"js":0,"css":0,"json":0,"md":0,"mbd":0,"mbdf":0,"njk":0,"py":0,"vue":0,"yml":0},"weiquu":{"java":0,"js":0,"css":0,"json":0,"md":0,"mbd":0,"mbdf":0,"njk":0,"py":0,"vue":0,"yml":0},"itsyme":{"java":0,"js":0,"css":0,"json":0,"md":0,"mbd":0,"mbdf":0,"njk":0,"py":0,"vue":0,"yml":0},"Eclipse-Dominator":{"java":0,"js":0,"css":0,"json":0,"md":0,"mbd":0,"mbdf":0,"njk":0,"py":0,"vue":0,"yml":0},"vvidday":{"java":0,"js":79,"css":0,"json":5,"md":348,"mbd":0,"mbdf":0,"njk":2,"py":0,"vue":15,"yml":0},"ckcherry23":{"java":0,"js":0,"css":0,"json":0,"md":0,"mbd":0,"mbdf":0,"njk":0,"py":0,"vue":0,"yml":0},"domlimm":{"java":0,"js":43,"css":0,"json":20,"md":17,"mbd":0,"mbdf":0,"njk":0,"py":0,"vue":0,"yml":0},"jasonqiu212":{"java":0,"js":0,"css":0,"json":0,"md":0,"mbd":0,"mbdf":0,"njk":0,"py":0,"vue":0,"yml":0},"MarcusTXK":{"java":0,"js":0,"css":0,"json":0,"md":0,"mbd":0,"mbdf":0,"njk":0,"py":0,"vue":0,"yml":0},"sikai00":{"java":0,"js":0,"css":0,"json":0,"md":0,"mbd":0,"mbdf":0,"njk":0,"py":0,"vue":0,"yml":0},"EuniceSim142":{"java":0,"js":0,"css":0,"json":0,"md":0,"mbd":0,"mbdf":0,"njk":0,"py":0,"vue":0,"yml":0},"yucheng11122017":{"java":0,"js":49,"css":0,"json":2,"md":12,"mbd":0,"mbdf":0,"njk":0,"py":0,"vue":0,"yml":0},"hhdqirui":{"java":0,"js":0,"css":0,"json":0,"md":0,"mbd":0,"mbdf":0,"njk":0,"py":0,"vue":0,"yml":0},"EltonGohJH":{"java":0,"js":0,"css":0,"json":0,"md":0,"mbd":0,"mbdf":0,"njk":0,"py":0,"vue":0,"yml":0},"lhw-1":{"java":0,"js":0,"css":0,"json":0,"md":0,"mbd":0,"mbdf":0,"njk":0,"py":0,"vue":0,"yml":0},"kevin9foong":{"java":0,"js":0,"css":0,"json":0,"md":0,"mbd":0,"mbdf":0,"njk":0,"py":0,"vue":0,"yml":0},"cheehongw":{"java":0,"js":0,"css":0,"json":0,"md":0,"mbd":0,"mbdf":0,"njk":0,"py":0,"vue":0,"yml":0}},"authorContributionVariance":{"Echomo-Xinyu":0.0,"parth-io":0.0,"cedricongjh":0.0,"vigneshsankariyer1234567890":0.0,"weiquu":0.0,"itsyme":0.0,"Eclipse-Dominator":0.0,"vvidday":1978.1719,"ckcherry23":0.0,"domlimm":85.3179,"jasonqiu212":0.0,"MarcusTXK":0.0,"sikai00":0.0,"EuniceSim142":0.0,"yucheng11122017":128.78763,"hhdqirui":0.0,"EltonGohJH":0.0,"lhw-1":0.0,"kevin9foong":0.0,"cheehongw":0.0},"authorDisplayNameMap":{"Echomo-Xinyu":"SUN ..INYU","parth-io":"GUJA..LESH","cedricongjh":"ONG ..DRIC","vigneshsankariyer1234567890":"VIGN..IYER","weiquu":"NEO ..QING","itsyme":"LEE ..AVID","Eclipse-Dominator":"LI Z..AOQI","vvidday":"DAVI.. ONG","ckcherry23":"CHAR..USAR","domlimm":"DOMI.. JUN","jasonqiu212":"QIU ..ASON","MarcusTXK":"MARC.. KYE","sikai00":"CHAN.. KAI","EuniceSim142":"SIM ..NICE","yucheng11122017":"CHAN..HENG","hhdqirui":"WU Q..IRUI","EltonGohJH":"ELTO.. HAO","lhw-1":"LEE ..WOON","kevin9foong":"KEVI..TONG","cheehongw":"WONG..HONG"}}
