{"authorDailyContributionsMap":{"Echomo-Xinyu":[],"cedricongjh":[],"vigneshsankariyer1234567890":[],"weiquu":[],"itsyme":[{"date":"2022-12-18","commitResults":[{"hash":"9bb130e1ddb8ac0686d2b7e45bc8b89b79fcb2e4","isMergeCommit":false,"messageTitle":"Update to frontmatter in docs (#2049)","messageBody":"","fileTypesAndContributionMap":{"md":{"insertions":36,"deletions":36},"js":{"insertions":47,"deletions":47},"json":{"insertions":3,"deletions":3},"njk":{"insertions":2,"deletions":2}}}]},{"date":"2022-12-19","commitResults":[{"hash":"9f6e95e0fb87d6a13eae6d915a5d9f721a233912","isMergeCommit":false,"messageTitle":"Fix search bar to include frontmatter keywords (#2056)","messageBody":"","fileTypesAndContributionMap":{"md":{"insertions":1,"deletions":0},"vue":{"insertions":2,"deletions":1},"json":{"insertions":2,"deletions":1},"js":{"insertions":1,"deletions":0}}}]},{"date":"2023-01-24","commitResults":[{"hash":"21032b86b03ac3d01d9a782ce6c3920e84c80ea8","isMergeCommit":false,"messageTitle":"Migrate vue-components README (#2104)","messageBody":"","fileTypesAndContributionMap":{"md":{"insertions":66,"deletions":82},"js":{"insertions":1,"deletions":4},"json":{"insertions":0,"deletions":1}}}]},{"date":"2023-02-06","commitResults":[{"hash":"4e7a13aa7da514793dacf3d5faef9e898e51d6b3","isMergeCommit":false,"messageTitle":"Rephrase \"Creating Custom Fragments\" Section (#2122)","messageBody":"","fileTypesAndContributionMap":{"md":{"insertions":62,"deletions":61}}},{"hash":"56a35103ecae05fa0ba90da5c829ee315f8bbf73","isMergeCommit":false,"messageTitle":"Deprecate TipBox (#2121)","messageBody":"Both tip-box and box are supported with box being an alias for\r\ntipbox.\r\n\r\nThis could be confusing for users and developers as the use of\r\ntip-box is not documented.\r\n\r\nLet\u0027s deprecate tipbox, remove support for the tip-box tag and\r\nreplace all instances of tipbox to box.\r\n\r\nThis prevents confusion between the use of variations of tipbox in\r\nboth code and documentation, making any reference to or use of this\r\nthis component consistent. Replacing tipbox with box removes the\r\nneed for box being an alias for tipbox, deprecating tipbox completely.","fileTypesAndContributionMap":{"md":{"insertions":21,"deletions":21},"vue":{"insertions":0,"deletions":0},"js":{"insertions":46,"deletions":47}}}]},{"date":"2023-02-11","commitResults":[{"hash":"8b29160237c194dfc6795a64d71dbb06dda36d66","isMergeCommit":false,"messageTitle":"Update Question/Quiz component design (#2131)","messageBody":"","fileTypesAndContributionMap":{"vue":{"insertions":13,"deletions":13}}}]},{"date":"2023-02-17","commitResults":[{"hash":"c756c2c19ebbc7e6665f21b5bda43db6004d0cd6","isMergeCommit":false,"messageTitle":"Update headings to match sidebar (#2152)","messageBody":"","fileTypesAndContributionMap":{"md":{"insertions":13,"deletions":11}}}]},{"date":"2023-03-11","commitResults":[{"hash":"3e8184bdc0e3f566397b2f925a3d44a5924e5d72","isMergeCommit":false,"messageTitle":"Add shake effect for none selected in MCQ (#2195)","messageBody":"","fileTypesAndContributionMap":{"vue":{"insertions":8,"deletions":5}}}]},{"date":"2023-03-14","commitResults":[{"hash":"33cd541e76a5f67543fd4bbb102917d469cb04cc","isMergeCommit":false,"messageTitle":"Fix Quiz expanding between questions (#2184)","messageBody":"Fix expanding of Quiz during transition\r\n\r\nCards in Quiz expands during transition from one to the next due to\r\nboth cards being rendered in the Quiz.\r\n\r\nThis could be undesirable as it is an unexpected behaviour for users\r\nand could lead to confusion when doing the Quiz.\r\n\r\nLet\u0027s make the next card in the Quiz wait for the previous card to\r\nleave before entering.\r\n\r\nThis will prevent the expansion of the Quiz component as it is\r\nguaranteed that the Quiz will only have one card rendered at any\r\none time.","fileTypesAndContributionMap":{"vue":{"insertions":47,"deletions":34},"js":{"insertions":32,"deletions":1}}}]},{"date":"2023-03-15","commitResults":[{"hash":"10d533980ee4519900bc1356ff0e42dd2306013d","isMergeCommit":false,"messageTitle":"Tweak sitenav design (#2204)","messageBody":"","fileTypesAndContributionMap":{"md":{"insertions":4,"deletions":4},"vue":{"insertions":20,"deletions":9},"js":{"insertions":47,"deletions":47}}}]},{"date":"2023-03-18","commitResults":[{"hash":"8ee11ef7569e644c401146c46747313bbdee4e42","isMergeCommit":false,"messageTitle":"Rephrase MarkBind Vue components and Bootstrap (#2205)","messageBody":"","fileTypesAndContributionMap":{"md":{"insertions":2,"deletions":2}}}]},{"date":"2023-03-25","commitResults":[{"hash":"a422eb59e42518688205d1a432108241837e53b4","isMergeCommit":false,"messageTitle":"Deprecate slots, attributes and syntax (#2208)","messageBody":"Deprecate slots, attributes and syntax\r\n\r\nModal: modal-header, modal-footer, Question: hasInput,\r\ninvalid question types (questions without input fields), Icons: {{ }}\r\nsyntax are supported.\r\n\r\nThis could be confusing for users as it is not standardised and some\r\nslots, attributes or syntax are not mentioned in documentation.\r\n\r\nLet\u0027s fully deprecate these slots, attributes and syntax fully and\r\nremove them from documentation.\r\n\r\nThis prevents confusion for users by standardising the slots,\r\nattributes and syntax to use, which is made clear in documentation.","fileTypesAndContributionMap":{"md":{"insertions":4,"deletions":17},"vue":{"insertions":9,"deletions":38},"js":{"insertions":1,"deletions":41}}}]},{"date":"2023-03-27","commitResults":[{"hash":"8b9cd007c44b6d3b2145be3eaabc8f5e8117c799","isMergeCommit":false,"messageTitle":"Add tags to links in docs (#2183)","messageBody":"Add tags to links in docs\r\n\r\nLinks in docs referencing other sections of MarkBind are all\r\nwritten in the intra-link form.\r\n\r\nThis causes confusion when serving the user guide or developer\r\nguide individually as the files to these intra-links are not accessible.\r\n\r\nLet\u0027s differentiate the links with tags based on the environment,\r\nhaving intra-links for when the user guide and developer guide are\r\nserved together and absolute links for when the user guide and\r\ndeveloper guide are served seperately.\r\n\r\nThis allows the right behaviour for both situations and creates an\r\nillusion that the user guide and developer guide exist together even\r\nwhen served separately.","fileTypesAndContributionMap":{"md":{"insertions":30,"deletions":30},"json":{"insertions":1,"deletions":1}}}]},{"date":"2023-03-28","commitResults":[{"hash":"ceb6d533f5d49a379ef096e0d5dcd5c7c9266706","isMergeCommit":false,"messageTitle":"Fix typo in Dropdown.spec.js (#2243)","messageBody":"","fileTypesAndContributionMap":{"js":{"insertions":3,"deletions":3}}},{"hash":"0e9b78413b5cd253cb7791335de5a45a6e10e741","isMergeCommit":false,"messageTitle":"Disable flaky quiz and scroll-to-top button tests(#2244)","messageBody":"","fileTypesAndContributionMap":{"js":{"insertions":8,"deletions":8}}},{"hash":"62f67aa16d7ab67cab455945385c3bb1f2f881ac","isMergeCommit":false,"messageTitle":"Deprecate theme attribute in site config JSON (#2235)","messageBody":"Deprecate theme attribute in site config JSON\r\n\r\nTheme attribute in site config JSON is supported, though not\r\ndocumented.\r\n\r\nThis could be confusing for users when trying to search for the\r\ntheme attribute in documentation or when referring to older\r\nMarkBind sites which still use the theme attribute.\r\n\r\nLet\u0027s deprecate the theme attribute in site config JSON fully so that\r\nall MarkBind sites use style.bootstrapTheme, which is documented.\r\n\r\nThis prevents confusion for users by standardising the use of\r\nstyle.bootstrapTheme to set the bootstrap theme.","fileTypesAndContributionMap":{"js":{"insertions":7,"deletions":6}}}]},{"date":"2023-04-02","commitResults":[{"hash":"aa1fdbbc852b4b0e7f05ef1f7d228d026a5d7adb","isMergeCommit":false,"messageTitle":"Add autogenerated breadcrumbs component (#2193)","messageBody":"","fileTypesAndContributionMap":{"md":{"insertions":52,"deletions":0},"vue":{"insertions":83,"deletions":0},"js":{"insertions":579,"deletions":99},"json":{"insertions":1,"deletions":0}}}]},{"date":"2023-04-04","commitResults":[{"hash":"61eebdee5d445be4e8b0b7312353a8b102eea270","isMergeCommit":false,"messageTitle":"Add CollapseExpandButtons component (#2206)","messageBody":"","fileTypesAndContributionMap":{"md":{"insertions":45,"deletions":4},"vue":{"insertions":103,"deletions":0},"js":{"insertions":184,"deletions":5}}},{"hash":"c0b2fba8770cc13fa251b0696d1caf836c63ebef","isMergeCommit":false,"messageTitle":"Update expanded siteNav description (#2263)","messageBody":"","fileTypesAndContributionMap":{"md":{"insertions":1,"deletions":3}}}]},{"date":"2023-04-06","commitResults":[{"hash":"e41122d143a6bb4168e107a55851f3fafbcb4d9a","isMergeCommit":false,"messageTitle":"Update Breadcrumb icons (#2265)","messageBody":"","fileTypesAndContributionMap":{"vue":{"insertions":17,"deletions":1}}}]},{"date":"2023-04-09","commitResults":[{"hash":"edb108c75d3ad76b494d844e59e1d13e515ae5b6","isMergeCommit":false,"messageTitle":"Fix broken links in migratingNodeJs (#2275)","messageBody":"","fileTypesAndContributionMap":{"md":{"insertions":7,"deletions":7}}}]},{"date":"2023-04-10","commitResults":[{"hash":"fe00ede7f2bc914651abd759e34b209a0da21320","isMergeCommit":false,"messageTitle":"Add intra-site link instructions to docs (#2276)","messageBody":"","fileTypesAndContributionMap":{"md":{"insertions":44,"deletions":0}}}]},{"date":"2023-06-12","commitResults":[{"hash":"0dfd2c6d390ab71a09e7004fb064f6e39bb797ce","isMergeCommit":false,"messageTitle":"Revert expand collapse all buttons (#2303)","messageBody":"","fileTypesAndContributionMap":{"md":{"insertions":2,"deletions":41},"vue":{"insertions":0,"deletions":103},"js":{"insertions":29,"deletions":208},"njk":{"insertions":0,"deletions":1}}}]},{"date":"2024-02-12","commitResults":[{"hash":"a6ef6ccf60fdc7acb6fb450525160c263aab2ac4","isMergeCommit":false,"messageTitle":"chore: bump nunjucks to 3.2.4","messageBody":"","fileTypesAndContributionMap":{"json":{"insertions":1,"deletions":1}}}]},{"date":"2024-03-13","commitResults":[{"hash":"37d2c18c44ec95b99504a7e7de058296dc0117d5","isMergeCommit":false,"messageTitle":" Add keeping fork up to date section in DG (#2453)","messageBody":"","fileTypesAndContributionMap":{"md":{"insertions":18,"deletions":0}}}]}],"Eclipse-Dominator":[],"ckcherry23":[],"domlimm":[{"date":"2022-12-21","commitResults":[{"hash":"f95e68e399893cbf3d5189073a7ec23adff49fce","isMergeCommit":false,"messageTitle":"Fix bug with dangling separator in pageNav section (#2058)","messageBody":"The separator by CSS styling, border, appears when no title\r\nand nav headings are specified in the markdown files. This should not\r\nappear.\r\n\r\nLet\u0027s fix the logic when rendering the pageNav section to check\r\nif there are title and nav headings provided.\r\n\r\nThis logic will remove the unwanted separator.","fileTypesAndContributionMap":{"md":{"insertions":17,"deletions":0},"json":{"insertions":20,"deletions":0},"js":{"insertions":43,"deletions":0}}}]}],"jasonqiu212":[],"MarcusTXK":[],"sikai00":[],"EuniceSim142":[],"yucheng11122017":[{"date":"2023-02-05","commitResults":[{"hash":"3c24312795436ea7359295b89aceef5a724794ca","isMergeCommit":false,"messageTitle":"Fix bug to allow highlighting of code with \u0027-\u0027 (#2132)","messageBody":"","fileTypesAndContributionMap":{"md":{"insertions":2,"deletions":1},"js":{"insertions":4,"deletions":2}}}]},{"date":"2023-02-12","commitResults":[{"hash":"84e176e55ff2937e4a52ce3b5894b451b98c3499","isMergeCommit":false,"messageTitle":"Fix misaligned block in UG (#2127)","messageBody":"","fileTypesAndContributionMap":{"md":{"insertions":9,"deletions":4},"json":{"insertions":2,"deletions":1}}},{"hash":"1dcef01f393e79aa3dedfede63de3db94ef43835","isMergeCommit":false,"messageTitle":"Fix parsing for code highlight rules (#2138)","messageBody":"","fileTypesAndContributionMap":{"md":{"insertions":2,"deletions":1},"js":{"insertions":49,"deletions":30}}}]},{"date":"2023-02-20","commitResults":[{"hash":"b37196e189259d2c480e281d10761d8e8e0d1653","isMergeCommit":false,"messageTitle":"Fix broken links in UG (#2173)","messageBody":"","fileTypesAndContributionMap":{"md":{"insertions":2,"deletions":2}}}]},{"date":"2023-02-23","commitResults":[{"hash":"080bcd048380719efb74d4cfb1a66a978573cdd3","isMergeCommit":false,"messageTitle":"Support iconColor in box when light/seamless is used (#2178)","messageBody":"","fileTypesAndContributionMap":{"vue":{"insertions":1,"deletions":1},"js":{"insertions":11,"deletions":0}}}]},{"date":"2023-02-26","commitResults":[{"hash":"ca1bc1a30391cf85dda1e5de09d29cd4f7bf19f6","isMergeCommit":false,"messageTitle":"Remove closing transition for panels (#2159)","messageBody":"","fileTypesAndContributionMap":{"md":{"insertions":43,"deletions":0},"js":{"insertions":50,"deletions":11},"json":{"insertions":10,"deletions":0}}}]},{"date":"2023-02-27","commitResults":[{"hash":"b385ab828a8c6ae8bee4e13870810bcc11df901e","isMergeCommit":false,"messageTitle":"Change format of nunjucks code and output (#2175)","messageBody":"","fileTypesAndContributionMap":{"md":{"insertions":11,"deletions":2}}}]},{"date":"2023-03-07","commitResults":[{"hash":"ab2edc96c4fb3e56dbe84747aec14b8d94bfa31c","isMergeCommit":false,"messageTitle":"Support horizontal layout in code and output boilerplates (#2194)","messageBody":"","fileTypesAndContributionMap":{"md":{"insertions":102,"deletions":49}}}]},{"date":"2023-03-10","commitResults":[{"hash":"10b80ee46e0f674f04a5b457e4a1c2c8e94d4978","isMergeCommit":false,"messageTitle":"Document cyclical error in include in UG (#2198)","messageBody":"","fileTypesAndContributionMap":{"md":{"insertions":55,"deletions":0}}}]},{"date":"2023-03-17","commitResults":[{"hash":"2cebe9e327d801c988249f1c7fdab398ac051c93","isMergeCommit":false,"messageTitle":"Change scroll top button to component (#2170)","messageBody":"Change scroll top button to component\r\n\r\nIt is currently added to all pages, cannot be disabled, and does not support styling or positioning.\r\n\r\nThis limits the usability and customization for users.\r\n\r\nChanging the scroll top button to a component allows users to not include it in their layout if they want and allows them to style it by passing attributes to it.\r\n\r\nLet\u0027s make\r\n\r\n- scroll top button no longer compulsory and to be added to layout file if users want it\r\n- scroll top button added to default file when project is initialized\r\n- support different icons for button\r\n- support positioning for scroll top button\r\n- support customized icon size and color","fileTypesAndContributionMap":{"css":{"insertions":0,"deletions":32},"md":{"insertions":51,"deletions":3},"vue":{"insertions":143,"deletions":0},"js":{"insertions":170,"deletions":154}}},{"hash":"b64eab433bb1c093176f063b515d5059b755f5c8","isMergeCommit":false,"messageTitle":"Add missing slots-info modal to pages in UG (#2223)","messageBody":"","fileTypesAndContributionMap":{"md":{"insertions":4,"deletions":2}}}]},{"date":"2023-03-19","commitResults":[{"hash":"77590b6e15506b578bff1063dc3694a3ed6aa243","isMergeCommit":false,"messageTitle":"Fix wrong link in typescript docs in DG (#2227)","messageBody":"","fileTypesAndContributionMap":{"md":{"insertions":1,"deletions":1}}},{"hash":"35f9d7569e9d202f23b9f3041ba040464db2241c","isMergeCommit":false,"messageTitle":"Fix panel transition abruptly snapping to the end (#2200)","messageBody":"","fileTypesAndContributionMap":{"js":{"insertions":44,"deletions":3}}}]},{"date":"2023-03-24","commitResults":[{"hash":"53201bd24d999326b6be8dbbb3786251c23a578d","isMergeCommit":false,"messageTitle":"Rename core/src/lib/markdown-it to TypeScript","messageBody":"","fileTypesAndContributionMap":{"js":{"insertions":0,"deletions":626}}},{"hash":"c876551981bf4c652adfb1cf11bf2e19c9ec961d","isMergeCommit":false,"messageTitle":"Adapt core/src/lib/markdown-it to TypeScript","messageBody":"","fileTypesAndContributionMap":{"json":{"insertions":3,"deletions":0}}}]},{"date":"2023-03-25","commitResults":[{"hash":"fa3aca6bf1a3d1d0f3d89876f54db2fe617f2b80","isMergeCommit":false,"messageTitle":"Contact form plugin (#2191)","messageBody":"Add web3Form plugin","fileTypesAndContributionMap":{"css":{"insertions":24,"deletions":0},"md":{"insertions":147,"deletions":0},"json":{"insertions":22,"deletions":2},"js":{"insertions":28,"deletions":0}}}]},{"date":"2023-03-29","commitResults":[{"hash":"c16cc596e7fac04622b4e6a2439bb297befc9af9","isMergeCommit":false,"messageTitle":"Upgrade to use node 16 (#2233)","messageBody":"Co-authored-by: Liu Yongliang \u003c41845017+tlylt@users.noreply.github.com\u003e\r\n","fileTypesAndContributionMap":{"md":{"insertions":10,"deletions":10},"yml":{"insertions":2,"deletions":4}}}]},{"date":"2023-04-01","commitResults":[{"hash":"463b7a09e90d195f37bd0b514c36976bd57b47ac","isMergeCommit":false,"messageTitle":"Remove includes with variables (#2252)","messageBody":"Remove include of variables in UG","fileTypesAndContributionMap":{"md":{"insertions":15,"deletions":4}}}]},{"date":"2023-04-04","commitResults":[{"hash":"4a62634a8f3044fdfaa9344ea159e850caac751c","isMergeCommit":false,"messageTitle":"Add tip on solving merge conflicts in functional tests (#2261)","messageBody":"Add tip on solving merge conflicts in functional tests","fileTypesAndContributionMap":{"md":{"insertions":15,"deletions":1}}}]},{"date":"2023-04-05","commitResults":[{"hash":"9ae7698d4b948955d39f8e59da3579900b462b32","isMergeCommit":false,"messageTitle":"Add documentation on migrating Node.js (#2256)","messageBody":"Add documentation on migrating Node.js","fileTypesAndContributionMap":{"md":{"insertions":76,"deletions":0}}}]},{"date":"2023-04-06","commitResults":[{"hash":"ffb8081e1b043e524c1c73600475c3f689555bab","isMergeCommit":false,"messageTitle":"Standardise size of tabgroup buttons in tabset to match that of non-tabgroup buttons. (#2202)","messageBody":"Unify tabset sizing across tabgroup and non-tabgroup buttons","fileTypesAndContributionMap":{"vue":{"insertions":6,"deletions":3}}}]},{"date":"2023-04-10","commitResults":[{"hash":"d6bf5fbdc72afc1342390ae8cd4f9fa55fe5e1c9","isMergeCommit":false,"messageTitle":"Replace set-output with $GITHUB_OUTPUT in documentation (#2259)","messageBody":"","fileTypesAndContributionMap":{"md":{"insertions":2,"deletions":2}}}]},{"date":"2023-04-16","commitResults":[{"hash":"e6f9bb118684537bcafd0dd4a8adac62f340e407","isMergeCommit":false,"messageTitle":"Replace jQuery with vanilla JS (#2130)","messageBody":"","fileTypesAndContributionMap":{"md":{"insertions":1,"deletions":3},"vue":{"insertions":17,"deletions":8},"js":{"insertions":72,"deletions":53},"njk":{"insertions":0,"deletions":1}}}]},{"date":"2023-07-13","commitResults":[{"hash":"4d49483011cc02008d7c8faf32e3ec8b74e97702","isMergeCommit":false,"messageTitle":"Rename lib/nunjucks-extensions to TypeScript","messageBody":"","fileTypesAndContributionMap":{"js":{"insertions":0,"deletions":91}}}]},{"date":"2023-07-28","commitResults":[{"hash":"9abcd26906b5f0debc3558323891bee0f6d2597b","isMergeCommit":false,"messageTitle":"Add animation when closing panel with bottom switch (#2340)","messageBody":"","fileTypesAndContributionMap":{"vue":{"insertions":2,"deletions":2},"js":{"insertions":10,"deletions":2}}}]},{"date":"2024-01-25","commitResults":[{"hash":"c06d2d2a77bd6c277a21aba9ff6e3fe0855f0256","isMergeCommit":false,"messageTitle":"Annotate support different labels (#2388)","messageBody":"* add slot to a-point\r\n\r\n* add documentation about customised annotate point\r\n\r\n* add tests for customised shapes","fileTypesAndContributionMap":{"md":{"insertions":64,"deletions":17},"vue":{"insertions":4,"deletions":2},"js":{"insertions":4,"deletions":1}}}]},{"date":"2024-02-24","commitResults":[{"hash":"58fbbd0e1defbeeb330c810847665fa1fc97f9ed","isMergeCommit":false,"messageTitle":"Enable markdown for content, header and label in annotation point","messageBody":"* enable markdown formating for content in annotate point\r\n\r\n* add slot for header and label in annotation point\r\n\r\n* add documentation on using markdown in content label and header\r\n\r\n* add functional test\r\n\r\n* add test cases for annotation","fileTypesAndContributionMap":{"md":{"insertions":24,"deletions":0},"vue":{"insertions":7,"deletions":7},"json":{"insertions":3,"deletions":1},"js":{"insertions":81,"deletions":1}}}]},{"date":"2024-02-25","commitResults":[{"hash":"e1ba80eebe18375e4a2d6f69d845bd418ee27d94","isMergeCommit":false,"messageTitle":"Disable popover in a-point when there is no header or content (#2436)","messageBody":"","fileTypesAndContributionMap":{"vue":{"insertions":1,"deletions":1}}}]}],"hhdqirui":[],"EltonGohJH":[{"date":"2023-02-13","commitResults":[{"hash":"d90ca8a460b222344b61f8685411d8197f6a35dc","isMergeCommit":false,"messageTitle":"Update webpack 4 to webpack 5 (#2153)","messageBody":"Node 18 does not work with Webpack 4 and results in an\r\nunexpected error when used.\r\n\r\nThis should be addressed because Node 18 is under LTS and\r\nshould be supported by Markbind.\r\n\r\nLet\u0027s,\r\n\r\nupdate webpack 4 to webpack 5 and all the packages affected by it\r\nreplace --hide-modules flag which is deprecated in webpack cli.\r\nThis allows users to use Node 18 without having the need to enable\r\nlegacy options for it to work.\r\n","fileTypesAndContributionMap":{"json":{"insertions":9,"deletions":9},"js":{"insertions":2,"deletions":2}}}]},{"date":"2023-03-25","commitResults":[{"hash":"506469283bad968152fe9de173b01505dfcddf03","isMergeCommit":false,"messageTitle":"Upgrade lerna to version 6.5.1 (#2196)","messageBody":"Upgrade lerna to version 6.5.1\r\n\r\nOur current version of lerna (version 4) is incompatible with\r\nNode 19 due to an outdated dependency called node-gyp.\r\nTo ensure that we can support all versions of Node,\r\nwe need to upgrade to the latest version of lerna (version 6).\r\n\r\nIn addition to Node 19 compatibility,\r\nupgrading to lerna 6 will allow us to take advantage of\r\nnew features like caching and concurrency.\r\n\r\nDuring the upgrade process,\r\n* I also noticed some formatting issues\r\ncaused by js-beautify v1.14.7 when using custom tag\r\n(specifically custom tag with dash eg. site-nav). To fix this,\r\n I fixed the version of js-beautify to be v1.14.3 in package.json.\r\n* I also realised there is some issue\r\nwith @types/node v17.0.22 so I updated it to v18.15.0.\r\n\r\nTo achieve these improvements, I made the following changes:\r\n* Upgraded lerna 4 to lerna v6.5.1\r\n* Fixed js-beautify version to v1.14.3\r\n* Updated @types/node to v18.15.0\r\n* Set up npm workspaces, init new package lock for workspaces \r\nand remove deprecated lerna bootsrap command\r\n* Cached test results and run test/updatetest concurrently\r\n\r\nThis fixes the following issues:\r\n* #1984: Explore using Turborepo to improve build system\r\n* #2162: Node v19.6.0 incompatibility on Windows 10\r\n\r\nThese changes will enable users to\r\nrun our application on Node 19\r\nand improve performance with caching and concurrency.","fileTypesAndContributionMap":{"md":{"insertions":2,"deletions":2},"json":{"insertions":25,"deletions":8}}}]},{"date":"2023-04-01","commitResults":[{"hash":"aa5702ea6765dd0fd80e5b36d1962299c8ffbede","isMergeCommit":false,"messageTitle":"Create alternative syntax for frontmatter (#2145)","messageBody":"Add support for YAML-style frontmatter syntax\r\n\r\nCurrently, MarkBind only supports frontmatter tags. This commit adds\r\nsupport for YAML-style frontmatter syntax, which can help to ease\r\nmigration and familiarization with MarkBind.\r\n\r\nLet\u0027s,\r\n* create a markdown-it plugin to support the YAML-style frontmatter\r\n  syntax\r\n* add new test cases to ensure that the feature works as intended\r\n* update the related documentation\r\n\r\nMost static site generators use YAML-style frontmatter syntax. Adding\r\nsupport for this syntax in MarkBind will make it more accessible to\r\nusers who are already familiar with this syntax.\r\n\r\nThis change resolves the following issue:\r\n* #1851: Alternative syntax for frontmatter","fileTypesAndContributionMap":{"md":{"insertions":98,"deletions":6},"json":{"insertions":45,"deletions":2},"js":{"insertions":114,"deletions":0}}}]},{"date":"2023-04-09","commitResults":[{"hash":"06e04d4350fcadbfc0bb291882c63e603bfbf7f8","isMergeCommit":false,"messageTitle":"Add \u003ctbody\u003e tag to fix Vue warning in frontmatter docs (#2274)","messageBody":"","fileTypesAndContributionMap":{"md":{"insertions":2,"deletions":0}}}]}],"lhw-1":[{"date":"2023-02-13","commitResults":[{"hash":"96b57c1503dba925c36ff11c6a0f3f5e75340045","isMergeCommit":false,"messageTitle":"Rename template to TypeScript","messageBody":"","fileTypesAndContributionMap":{"js":{"insertions":0,"deletions":54}}}]}],"kevin9foong":[],"cheehongw":[]},"authorFileTypeContributionMap":{"Echomo-Xinyu":{"java":0,"js":0,"css":0,"json":0,"md":0,"mbd":0,"mbdf":0,"njk":0,"py":0,"vue":0,"yml":0},"cedricongjh":{"java":0,"js":0,"css":0,"json":0,"md":0,"mbd":0,"mbdf":0,"njk":0,"py":0,"vue":0,"yml":0},"vigneshsankariyer1234567890":{"java":0,"js":0,"css":0,"json":0,"md":0,"mbd":0,"mbdf":0,"njk":0,"py":0,"vue":0,"yml":0},"weiquu":{"java":0,"js":0,"css":0,"json":0,"md":0,"mbd":0,"mbdf":0,"njk":0,"py":0,"vue":0,"yml":0},"itsyme":{"java":0,"js":645,"css":0,"json":8,"md":328,"mbd":0,"mbdf":0,"njk":2,"py":0,"vue":165,"yml":0},"Eclipse-Dominator":{"java":0,"js":0,"css":0,"json":0,"md":0,"mbd":0,"mbdf":0,"njk":0,"py":0,"vue":0,"yml":0},"ckcherry23":{"java":0,"js":0,"css":0,"json":0,"md":0,"mbd":0,"mbdf":0,"njk":0,"py":0,"vue":0,"yml":0},"domlimm":{"java":0,"js":32,"css":0,"json":20,"md":17,"mbd":0,"mbdf":0,"njk":0,"py":0,"vue":0,"yml":0},"jasonqiu212":{"java":0,"js":0,"css":0,"json":0,"md":0,"mbd":0,"mbdf":0,"njk":0,"py":0,"vue":0,"yml":0},"MarcusTXK":{"java":0,"js":0,"css":0,"json":0,"md":0,"mbd":0,"mbdf":0,"njk":0,"py":0,"vue":0,"yml":0},"sikai00":{"java":0,"js":0,"css":0,"json":0,"md":0,"mbd":0,"mbdf":0,"njk":0,"py":0,"vue":0,"yml":0},"EuniceSim142":{"java":0,"js":0,"css":0,"json":0,"md":0,"mbd":0,"mbdf":0,"njk":0,"py":0,"vue":0,"yml":0},"yucheng11122017":{"java":0,"js":316,"css":18,"json":37,"md":601,"mbd":0,"mbdf":0,"njk":0,"py":0,"vue":179,"yml":2},"hhdqirui":{"java":0,"js":0,"css":0,"json":0,"md":0,"mbd":0,"mbdf":0,"njk":0,"py":0,"vue":0,"yml":0},"EltonGohJH":{"java":0,"js":96,"css":0,"json":77,"md":101,"mbd":0,"mbdf":0,"njk":0,"py":0,"vue":0,"yml":0},"lhw-1":{"java":0,"js":0,"css":0,"json":0,"md":0,"mbd":0,"mbdf":0,"njk":0,"py":0,"vue":0,"yml":0},"kevin9foong":{"java":0,"js":0,"css":0,"json":0,"md":0,"mbd":0,"mbdf":0,"njk":0,"py":0,"vue":0,"yml":0},"cheehongw":{"java":0,"js":0,"css":0,"json":0,"md":0,"mbd":0,"mbdf":0,"njk":0,"py":0,"vue":0,"yml":0}},"authorContributionVariance":{"Echomo-Xinyu":0.0,"cedricongjh":0.0,"vigneshsankariyer1234567890":0.0,"weiquu":0.0,"itsyme":2315.0935,"Eclipse-Dominator":0.0,"ckcherry23":0.0,"domlimm":13.61715,"jasonqiu212":0.0,"MarcusTXK":0.0,"sikai00":0.0,"EuniceSim142":0.0,"yucheng11122017":1831.2484,"hhdqirui":0.0,"EltonGohJH":153.21071,"lhw-1":6.2041655,"kevin9foong":0.0,"cheehongw":0.0},"authorDisplayNameMap":{"Echomo-Xinyu":"SUN ..INYU","cedricongjh":"ONG ..DRIC","vigneshsankariyer1234567890":"VIGN..IYER","weiquu":"NEO ..QING","itsyme":"LEE ..AVID","Eclipse-Dominator":"LI Z..AOQI","ckcherry23":"CHAR..USAR","domlimm":"DOMI.. JUN","jasonqiu212":"QIU ..ASON","MarcusTXK":"MARC.. KYE","sikai00":"CHAN.. KAI","EuniceSim142":"SIM ..NICE","yucheng11122017":"CHAN..HENG","hhdqirui":"WU Q..IRUI","EltonGohJH":"ELTO.. HAO","lhw-1":"LEE ..WOON","kevin9foong":"KEVI..TONG","cheehongw":"WONG..HONG"}}
