{"authorDailyContributionsMap":{"Echomo-Xinyu":[],"cedricongjh":[{"date":"2023-02-07","commitResults":[{"hash":"afff7a3e2cbcdfc217b8aec6a2d83aed118ef448","isMergeCommit":false,"messageTitle":"[#11853] Add stricter checks for potentially destructive question edits (#12030)","messageBody":"* Add FeedbackSessionPublishStatus enum to instructor session edit page\r\n\r\n* Add session publish status as a check for warning message when editing questions\r\n\r\n* Update snapshot testing for question edit form and session edit page\r\n\r\n---------\r\n\r\nCo-authored-by: wuqirui \u003c53338059+hhdqirui@users.noreply.github.com\u003e","fileTypesAndContributionMap":{"html":{"insertions":2,"deletions":1},"ts":{"insertions":5,"deletions":1}}}]}],"vigneshsankariyer1234567890":[],"weiquu":[{"date":"2023-02-28","commitResults":[{"hash":"7e3ba925ec86f186deb4bdc611a24d449db51815","isMergeCommit":false,"messageTitle":"[#12145] Resolve width issue for num scale question (#12146)","messageBody":"","fileTypesAndContributionMap":{"html":{"insertions":1,"deletions":1}}}]},{"date":"2023-03-25","commitResults":[{"hash":"6e8454e9f5d94e28d4cd451733143f43ac35e872","isMergeCommit":false,"messageTitle":"[#12081] User-friendliness: Fix margins on mobile (#12096)","messageBody":"* Redo all changes over the last few days\n\n* Missed out a few changes\n\n* Resolve comments\n\n* Update tests\n","fileTypesAndContributionMap":{"scss":{"insertions":51,"deletions":3},"html":{"insertions":210,"deletions":212}}},{"hash":"c3105d59bb6f5a7e10b2b66c35fe55da0d5cfad8","isMergeCommit":false,"messageTitle":"[#12081] Landmark questions in submit feedback page (#12104)","messageBody":"* Landmark questions by making them headings\n\n* Update tests\n\n* Make questions collapsible\n\n* Make question cards interactable\n\n* Resolve comments\n\n* Fix E2E issues\n\n* Fix lint issues\n\n* typo\n\n* lint again\n","fileTypesAndContributionMap":{"scss":{"insertions":11,"deletions":0},"html":{"insertions":183,"deletions":178},"ts":{"insertions":29,"deletions":0}}},{"hash":"b02a6f82657254779c2b483fc3fd08646d95e46f","isMergeCommit":false,"messageTitle":"[#12081] User-friendliness: Add label to text input for essay questions (#12140)","messageBody":"* Add labels for text question responses\r\n\r\n* Another merge conflict","fileTypesAndContributionMap":{"html":{"insertions":3,"deletions":2},"ts":{"insertions":14,"deletions":1}}},{"hash":"2ad061b3c37756a072529e5407502750af141f82","isMergeCommit":false,"messageTitle":"[#12081] User-friendliness: Add labels for MSQ checkboxes (#12144)","messageBody":"* Add labels for MSQ checkboxes\r\n\r\n* Shift to question edit form","fileTypesAndContributionMap":{"html":{"insertions":2,"deletions":1},"ts":{"insertions":14,"deletions":14}}},{"hash":"82821025537c143e1d6a8096f2c8dfd4a28d59d2","isMergeCommit":false,"messageTitle":"[#12081] Add labels and groups to distribute points (options) (#12149)","messageBody":"","fileTypesAndContributionMap":{"html":{"insertions":43,"deletions":39},"ts":{"insertions":5,"deletions":0}}},{"hash":"1973b8bbe675ad1b353492dc55adf0ec40316e6d","isMergeCommit":false,"messageTitle":"[#12081] User-friendliness: Add labels and change \"more info\" button for team contribution questions (#12153)","messageBody":"* Add labels and change button\n\n* Update tests\n","fileTypesAndContributionMap":{"html":{"insertions":14,"deletions":18},"ts":{"insertions":11,"deletions":13}}},{"hash":"2893e3994c916221191e351d3470d33d249c7f1e","isMergeCommit":false,"messageTitle":"[#12081] User-friendliness: Add label to rank recipients question (#12167)","messageBody":"* Add label to rank recipients question\r\n\r\n* Update tests","fileTypesAndContributionMap":{"html":{"insertions":4,"deletions":2}}},{"hash":"d3e4117b59fd9a5c0290849111d4c43684524d31","isMergeCommit":false,"messageTitle":"[#12081] User-friendliness: Fix numerical scale question table in view responses page (#12174)","messageBody":"* Fix summary header tables on mobile\r\n\r\n* Temp solution to tables\r\n\r\n* Make table headers interactive\r\n\r\n* Lint and tests\r\n\r\n* Fix table button\r\n\r\n* Split into 2 cases","fileTypesAndContributionMap":{"scss":{"insertions":19,"deletions":0},"html":{"insertions":12,"deletions":8},"ts":{"insertions":7,"deletions":0}}},{"hash":"29706fe92d9f975ec7465f2c78413f4ad89a0508","isMergeCommit":false,"messageTitle":"[#12081] Fix dropdown caret overlap (#12179)","messageBody":"","fileTypesAndContributionMap":{"scss":{"insertions":4,"deletions":0},"html":{"insertions":1,"deletions":1}}},{"hash":"3d652687e52e985036e510c0dcf1611c8f5f883e","isMergeCommit":false,"messageTitle":"[#12081] Change text colour (#12200)","messageBody":"","fileTypesAndContributionMap":{"html":{"insertions":1,"deletions":1}}},{"hash":"66b089ac82cb748beb4d05a917d5558a630e5a9a","isMergeCommit":false,"messageTitle":"[#12081] User-friendliness: Fix feedback path dropdown (#12207)","messageBody":"* Shift submenu to bottom\r\n\r\n* Clean up code\r\n\r\n* Change to buttons for accessibility and update chevron\r\n\r\n* Fix screenreader focus\r\n\r\n* Lint and test\r\n\r\n* Fix mobile overflow\r\n\r\n* Fix lint issues\r\n\r\n* Remove aria-label and update tests\r\n\r\n* Fix attempt for E2E tests\r\n\r\n* Update tests\r\n\r\n* Refine E2E change","fileTypesAndContributionMap":{"java":{"insertions":1,"deletions":1},"scss":{"insertions":7,"deletions":0},"html":{"insertions":18,"deletions":11},"ts":{"insertions":18,"deletions":0}}},{"hash":"69ff0004fa260c79f00601b8e60ba43a275d74e8","isMergeCommit":false,"messageTitle":"[#12081] User-friendliness: Fix custom visibility options (#12209)","messageBody":"* Fix custom visibility options\r\n\r\n* Lint and tests\r\n\r\n* Add more labels and update tests\r\n\r\n* Fix attempt for E2E tests\r\n\r\n* Refine aria label function logic\r\n\r\n* Fix lint issues\r\n\r\n* E2E issues\r\n\r\n* E2E fix","fileTypesAndContributionMap":{"java":{"insertions":1,"deletions":1},"scss":{"insertions":7,"deletions":0},"html":{"insertions":10,"deletions":6},"ts":{"insertions":20,"deletions":0}}},{"hash":"5e903e80e372152b022a9cb3c1b5e3442fb40617","isMergeCommit":false,"messageTitle":"[#12081] User-friendliness: Fix screen reader issue for question description (#12219)","messageBody":"* Fix screen reader issue\r\n\r\n* Test and lint","fileTypesAndContributionMap":{"scss":{"insertions":7,"deletions":0},"html":{"insertions":4,"deletions":1}}},{"hash":"cc4d5789f7d5a0d98b6deaddcb05a5c59c39c7fd","isMergeCommit":false,"messageTitle":"[#12081] User-friendliness: Add labels to input for essay question (instructor edit sessions page) (#12220)","messageBody":"* Add labels\r\n\r\n* update tests\r\n\r\n* add label\r\n\r\n* update tests","fileTypesAndContributionMap":{"html":{"insertions":9,"deletions":8}}},{"hash":"17a72d181524e1af658f402aeef928fd8a4a963d","isMergeCommit":false,"messageTitle":"[#12081] User-friendliness: Fix instructor edit sessions page MCQ and MSQ (#12236)","messageBody":"* update mcq to look like msq\r\n\r\n* attempt 1\r\n\r\n* Fix MCQ question\r\n\r\n* MSQ\r\n\r\n* Fix margins and aria-hidden\r\n\r\n* labels\r\n\r\n* update tests\r\n\r\n* Labels\r\n\r\n* Tests\r\n\r\n* Remove extra br and tabindex\r\n\r\n* update tests","fileTypesAndContributionMap":{"scss":{"insertions":0,"deletions":8},"html":{"insertions":131,"deletions":133}}},{"hash":"4f028bccd628f35d80c39581a2fa6e69ef8afa35","isMergeCommit":false,"messageTitle":"[#12081] User-friendliness: Change feedback path dropdowns to column format on mobile (#12250)","messageBody":"* Change dropdowns to col format on mobile\r\n\r\n* Update tests","fileTypesAndContributionMap":{"html":{"insertions":2,"deletions":2}}}]},{"date":"2023-03-26","commitResults":[{"hash":"a0560e5f3d02d0575ace11190441c7c222af852c","isMergeCommit":false,"messageTitle":"[#12081] User-friendliness: Add labels to instructor edit sessions page questions (#12254)","messageBody":"","fileTypesAndContributionMap":{"html":{"insertions":21,"deletions":21}}},{"hash":"171d5a18ec966bce6ec2b8a6273218faeba0b3fc","isMergeCommit":false,"messageTitle":"[#12081] User-friendliness: Fix visibility dropdown overflow (#12251)","messageBody":"* Fix visibility dropdown overflow\r\n\r\n* Update tests\r\n\r\n---------\r\n\r\nCo-authored-by: Zhao Jingjing \u003c54243224+zhaojj2209@users.noreply.github.com\u003e","fileTypesAndContributionMap":{"html":{"insertions":2,"deletions":2}}}]},{"date":"2023-03-27","commitResults":[{"hash":"23ebdf1e24a9bc1e40cf7a2ae51f1f517dcb3425","isMergeCommit":false,"messageTitle":"[#12081] User-friendliness: Fix distribute points options question (#12266)","messageBody":"","fileTypesAndContributionMap":{"html":{"insertions":81,"deletions":68}}}]},{"date":"2023-04-01","commitResults":[{"hash":"7b315223cc2d3b681d219283389c7f675574ea56","isMergeCommit":false,"messageTitle":"[#12081] User-friendliness: Fix all remaining sortable table headers (#12325)","messageBody":"* extension confirm modal component\r\n\r\n* per question view responses component\r\n\r\n* sessions recycle bin table component\r\n\r\n* sessions table component\r\n\r\n* student list component\r\n\r\n* notifications table component\r\n\r\n* copy instructors from other courses modal component\r\n\r\n* instructor courses page component\r\n\r\n* copy questions from other sessions modal component\r\n\r\n* instructor session individual extension page component\r\n\r\n* update tests","fileTypesAndContributionMap":{"scss":{"insertions":198,"deletions":1},"html":{"insertions":565,"deletions":451},"ts":{"insertions":98,"deletions":0}}}]}],"itsyme":[],"Eclipse-Dominator":[],"vvidday":[],"ckcherry23":[],"domlimm":[{"date":"2022-12-26","commitResults":[{"hash":"a40b94efaf5099cd3e03501aec8c2e06e40ab33e","isMergeCommit":false,"messageTitle":"[#11876] Improve UX of Progress Bars (#12008)","messageBody":"","fileTypesAndContributionMap":{"ts":{"insertions":1,"deletions":1}}},{"hash":"96ea1f324738adc0d84cd947e3130fc724a9a4c5","isMergeCommit":false,"messageTitle":"[#11869] Student: Enhance UX when submitting response for a feedback question (#11942)","messageBody":"","fileTypesAndContributionMap":{"html":{"insertions":5,"deletions":2},"ts":{"insertions":33,"deletions":0}}}]}],"jasonqiu212":[{"date":"2023-03-25","commitResults":[{"hash":"b4c9e87b9a20c7a6b41ec81a24a3408456f4f689","isMergeCommit":false,"messageTitle":"[#12081] User-friendliness: Make header dropdowns focusable (#12105)","messageBody":"* Make dropdowns in menu bar focusable\r\n\r\n* Fix unequal margins in dropdown list in menu bar\r\n\r\n* Fix lint","fileTypesAndContributionMap":{"scss":{"insertions":1,"deletions":0},"html":{"insertions":3,"deletions":3}}},{"hash":"024351c36efe58469da5d04a721b071209fde67d","isMergeCommit":false,"messageTitle":"[#12081] User-friendliness: Landmark questions in feedback sessions results page (#12129)","messageBody":"* Make [more] button in feedback sessions result page focusable\r\n\r\n* Use headings for question number in feedback sessions result page\r\n\r\n* Edit snapshot tests\r\n\r\n* Change h3 to h2 tag and remove \u003cb\u003e tags\r\n\r\n* Change additional info from link to button","fileTypesAndContributionMap":{"java":{"insertions":1,"deletions":1},"scss":{"insertions":6,"deletions":0},"html":{"insertions":8,"deletions":8},"ts":{"insertions":1,"deletions":1}}},{"hash":"f3be41300e4fd8abb073e4d875c263aad4e7b72a","isMergeCommit":false,"messageTitle":"[#12081] User-friendliness: Fix evaluee/recipient mobile text wrap (#12139)","messageBody":"* Fix mobile text wrap for evaluee/recipient\n\n* Align Evaluee/Recipient to left\n\n* Fix lint\n","fileTypesAndContributionMap":{"scss":{"insertions":0,"deletions":12},"html":{"insertions":93,"deletions":95}}},{"hash":"d04293a268ce3aea4d089d52123cddc3ad69f35d","isMergeCommit":false,"messageTitle":"[#12081] Add labels for MCQ questions (#12147)","messageBody":"","fileTypesAndContributionMap":{"html":{"insertions":2,"deletions":1}}},{"hash":"8214b9f2ca695bd16fd1986f0cc45b1d0e1fd7f4","isMergeCommit":false,"messageTitle":"[#12081] Add labels for numerical scale questions (#12148)","messageBody":"","fileTypesAndContributionMap":{"html":{"insertions":2,"deletions":1}}},{"hash":"fcc9805997ebc1b7b615badb56359554b3b54dae","isMergeCommit":false,"messageTitle":"[#12081] User-friendliness: Add labels for distribute points by recipient questions (#12150)","messageBody":"* Add labels for distribute points by recipient questions\r\n\r\n* Fix dropdown for questions with constraints\r\n\r\n* Make method name for toggling question submission form dropdown more specific","fileTypesAndContributionMap":{"html":{"insertions":6,"deletions":3},"ts":{"insertions":2,"deletions":1}}},{"hash":"bfb59900beb4d8926cdaa9542731e16f9ead567e","isMergeCommit":false,"messageTitle":"[#12081] User-friendliness: Add labels to rank options questions (#12172)","messageBody":"* Add labels to rank options questions\r\n\r\n* Add grouping by recipients\r\n\r\n* Add empty space at end of file","fileTypesAndContributionMap":{"html":{"insertions":25,"deletions":21},"ts":{"insertions":5,"deletions":0}}},{"hash":"8f00fa30051c167c1fddf31ca776660afe7a5403","isMergeCommit":false,"messageTitle":"[#12081] User-friendliness: Add labels to rubric questions (#12155)","messageBody":"* Add labels and groups to rubric questions\r\n\r\n* Fix lint\r\n\r\n* Fix tests\r\n\r\n* Fix labels for tables with two headers\r\n\r\n* Remove redundant dash for choices without description\r\n\r\n* Add e2e tests for table row and column headers","fileTypesAndContributionMap":{"java":{"insertions":54,"deletions":14},"html":{"insertions":26,"deletions":11},"ts":{"insertions":10,"deletions":0}}},{"hash":"30b3864c846fdf9589e477135a69e2a28e3b5702","isMergeCommit":false,"messageTitle":"[#12081] Modify header of card to display content in column for mobile (#12197)","messageBody":"","fileTypesAndContributionMap":{"scss":{"insertions":0,"deletions":8},"html":{"insertions":7,"deletions":7}}},{"hash":"5d6351e924a33d1754544e5402d5ffb0bea1d7cb","isMergeCommit":false,"messageTitle":"[#12081] User-friendliness: Make rubric question response table mobile responsive (#12201)","messageBody":"* Make rubric question response table mobile responsive\r\n\r\n* Add selected aria-label for response rubric question table","fileTypesAndContributionMap":{"html":{"insertions":2,"deletions":2}}},{"hash":"27c550769f446892c542c368633307c1c9b2bd03","isMergeCommit":false,"messageTitle":"[#12081] Create unique id for rubric table cell (#12205)","messageBody":"","fileTypesAndContributionMap":{"html":{"insertions":9,"deletions":8},"ts":{"insertions":4,"deletions":0}}},{"hash":"ca1b9bd18bf49914da71ac04cde9c85c4115c4d1","isMergeCommit":false,"messageTitle":"[#12081] Minimise modal margin for mobile (#12225)","messageBody":"","fileTypesAndContributionMap":{"scss":{"insertions":11,"deletions":5}}},{"hash":"4bba773a596af41e82920b80c47ecc8c1b9a9cbd","isMergeCommit":false,"messageTitle":"[#12081] Modify question headers for instructor  (#12228)","messageBody":"* Modify question headers in instructor edit sessions page\r\n\r\n* Fix tests\r\n\r\n* Fix e2e tests","fileTypesAndContributionMap":{"java":{"insertions":1,"deletions":2},"scss":{"insertions":5,"deletions":0},"html":{"insertions":12,"deletions":10}}}]},{"date":"2023-03-27","commitResults":[{"hash":"7c1edfbc077e7a9a88a6422b1b03ed3638a7f1e9","isMergeCommit":false,"messageTitle":"[#12081] Wrap buttons vertically in mobile for instructor edit sessions page (#12260)","messageBody":"","fileTypesAndContributionMap":{"html":{"insertions":51,"deletions":49}}}]},{"date":"2023-03-28","commitResults":[{"hash":"20a87821888b463b7e81b02c2c6196ad2650db59","isMergeCommit":false,"messageTitle":"[#12081] Fix rubric question overflow for instructors edit session page (#12263)","messageBody":"","fileTypesAndContributionMap":{"java":{"insertions":2,"deletions":1},"scss":{"insertions":4,"deletions":0},"html":{"insertions":62,"deletions":58}}}]},{"date":"2023-03-30","commitResults":[{"hash":"050daa7649245701ab2f97604bd0d3012be8e4fa","isMergeCommit":false,"messageTitle":"[#12081] Fix rank recipients question mobile spacing (#12299)","messageBody":"* Add label to rank recipients question inputs\r\n\r\n* Fix rank recipients question mobile spacing\r\n\r\n* Use bootstrap padding\r\n\r\n* Change label id names","fileTypesAndContributionMap":{"scss":{"insertions":0,"deletions":3},"html":{"insertions":9,"deletions":9}}}]},{"date":"2023-03-31","commitResults":[{"hash":"15d158db30e18e8fc5ae590915eaa1453a233057","isMergeCommit":false,"messageTitle":"[#12081] Fix rank options question on instructor edit session page (#12306)","messageBody":"* Add labels to rank options field\r\n\r\n* Fix rank options question\r\n\r\n* Remove redundant css\r\n\r\n* Remove redundant row css\r\n\r\n* Fix lint","fileTypesAndContributionMap":{"scss":{"insertions":0,"deletions":17},"html":{"insertions":38,"deletions":40}}}]}],"MarcusTXK":[],"sikai00":[],"EuniceSim142":[],"yucheng11122017":[],"hhdqirui":[{"date":"2023-01-21","commitResults":[{"hash":"695f2bde922e9cd507cc2532b40779de7e536d1f","isMergeCommit":false,"messageTitle":"[#12029] Fix team members cannot see responses received by team issue and add relevant tests (#12032)","messageBody":"","fileTypesAndContributionMap":{"java":{"insertions":70,"deletions":5}}}]}],"EltonGohJH":[],"lhw-1":[],"kevin9foong":[],"cheehongw":[]},"authorFileTypeContributionMap":{"Echomo-Xinyu":{"java":0,"js":0,"scss":0,"md":0,"py":0,"tag":0,"html":0,"ts":0},"cedricongjh":{"java":0,"js":0,"scss":0,"md":0,"py":0,"tag":0,"html":1,"ts":5},"vigneshsankariyer1234567890":{"java":0,"js":0,"scss":0,"md":0,"py":0,"tag":0,"html":0,"ts":0},"weiquu":{"java":2,"js":0,"scss":274,"md":0,"py":0,"tag":0,"html":424,"ts":194},"itsyme":{"java":0,"js":0,"scss":0,"md":0,"py":0,"tag":0,"html":0,"ts":0},"Eclipse-Dominator":{"java":0,"js":0,"scss":0,"md":0,"py":0,"tag":0,"html":0,"ts":0},"vvidday":{"java":0,"js":0,"scss":0,"md":0,"py":0,"tag":0,"html":0,"ts":0},"ckcherry23":{"java":0,"js":0,"scss":0,"md":0,"py":0,"tag":0,"html":0,"ts":0},"domlimm":{"java":0,"js":0,"scss":0,"md":0,"py":0,"tag":0,"html":1,"ts":34},"jasonqiu212":{"java":50,"js":0,"scss":24,"md":0,"py":0,"tag":0,"html":124,"ts":22},"MarcusTXK":{"java":0,"js":0,"scss":0,"md":0,"py":0,"tag":0,"html":0,"ts":0},"sikai00":{"java":0,"js":0,"scss":0,"md":0,"py":0,"tag":0,"html":0,"ts":0},"EuniceSim142":{"java":0,"js":0,"scss":0,"md":0,"py":0,"tag":0,"html":0,"ts":0},"yucheng11122017":{"java":0,"js":0,"scss":0,"md":0,"py":0,"tag":0,"html":0,"ts":0},"hhdqirui":{"java":70,"js":0,"scss":0,"md":0,"py":0,"tag":0,"html":0,"ts":0},"EltonGohJH":{"java":0,"js":0,"scss":0,"md":0,"py":0,"tag":0,"html":0,"ts":0},"lhw-1":{"java":0,"js":0,"scss":0,"md":0,"py":0,"tag":0,"html":0,"ts":0},"kevin9foong":{"java":0,"js":0,"scss":0,"md":0,"py":0,"tag":0,"html":0,"ts":0},"cheehongw":{"java":0,"js":0,"scss":0,"md":0,"py":0,"tag":0,"html":0,"ts":0}},"authorContributionVariance":{"Echomo-Xinyu":0.0,"cedricongjh":0.6584914,"vigneshsankariyer1234567890":0.0,"weiquu":33070.152,"itsyme":0.0,"Eclipse-Dominator":0.0,"vvidday":0.0,"ckcherry23":0.0,"domlimm":14.340511,"jasonqiu212":2374.844,"MarcusTXK":0.0,"sikai00":0.0,"EuniceSim142":0.0,"yucheng11122017":0.0,"hhdqirui":45.72864,"EltonGohJH":0.0,"lhw-1":0.0,"kevin9foong":0.0,"cheehongw":0.0},"authorDisplayNameMap":{"Echomo-Xinyu":"SUN ..INYU","cedricongjh":"ONG ..DRIC","vigneshsankariyer1234567890":"VIGN..IYER","weiquu":"NEO ..QING","itsyme":"LEE ..AVID","Eclipse-Dominator":"LI Z..AOQI","vvidday":"DAVI.. ONG","ckcherry23":"CHAR..USAR","domlimm":"DOMI.. JUN","jasonqiu212":"QIU ..ASON","MarcusTXK":"MARC.. KYE","sikai00":"CHAN.. KAI","EuniceSim142":"SIM ..NICE","yucheng11122017":"CHAN..HENG","hhdqirui":"WU Q..IRUI","EltonGohJH":"ELTO.. HAO","lhw-1":"LEE ..WOON","kevin9foong":"KEVI..TONG","cheehongw":"WONG..HONG"}}
