{"authorDailyContributionsMap":{"Echomo-Xinyu":[{"date":"2023-01-31","commitResults":[{"hash":"386f15846f11932998eab5cf83fcb898a64f94d0","isMergeCommit":false,"messageTitle":"Modify card view to move milestone flag position (#61)","messageBody":"Let\u0027s modify card view to move milestone flag position for better view.","fileTypesAndContributionMap":{"html":{"insertions":2,"deletions":4}}}]},{"date":"2023-03-05","commitResults":[{"hash":"474c63d915d7e4d77b019ceeb413d45f69ebb761","isMergeCommit":false,"messageTitle":"Fix wrong octicon displayed for closed PR (#89)","messageBody":"Let\u0027s update the octicon and its colour for the closed PR","fileTypesAndContributionMap":{"css":{"insertions":4,"deletions":0},"ts":{"insertions":18,"deletions":3}}}]},{"date":"2023-03-20","commitResults":[{"hash":"f11c428a2421fb8ed121b74c7696dd8fa24efd9d","isMergeCommit":false,"messageTitle":"Fix closed pr icon (#91)","messageBody":"Let\u0027s update the octicon and its colour for the closed PR","fileTypesAndContributionMap":{"css":{"insertions":4,"deletions":0},"ts":{"insertions":18,"deletions":3}}}]},{"date":"2023-03-22","commitResults":[{"hash":"86cd747e3a04aefae98ace4ad49957478e9a3c44","isMergeCommit":false,"messageTitle":"Upgrade angular version v8 to v9 (#84)","messageBody":"Upgrade to Angular version 9.1\r\n\r\nCurrently, our version of Angular is no longer supported, and has missing Typescript\r\nfeatures such as optional chaining.\r\n\r\nLet\u0027s upgrade Angular to a LTS version, one major version at a time.\r\n\r\n---------\r\n\r\nCo-authored-by: Kang Su Min \u003c66008784+kkangs0226@users.noreply.github.com\u003e","fileTypesAndContributionMap":{"ts":{"insertions":66,"deletions":65}}}]},{"date":"2023-03-28","commitResults":[{"hash":"4e01aa3e27ded15de76d6146be36fa04ecbe7f5d","isMergeCommit":false,"messageTitle":"Improve UIX for milestones and label-filter-bar (#97)","messageBody":"Improve UIX for milestones and label-filter-bar\r\n\r\nLet\u0027s update the UIX for milestone and label filter bar:\r\n\r\n- the Label Filter Bar has been updated with its background colour\r\nand font-weight\r\n- the issues/PRs without milestones have been added a default\r\nmilestone for filter purpose\r\n- the default milestone values for the filter have been updated\r\nto avoid confusion\r\n- the milestones displayed in the filter bar will be sorted\r\nautomatically to aid searching by users","fileTypesAndContributionMap":{"css":{"insertions":4,"deletions":0},"html":{"insertions":10,"deletions":8},"ts":{"insertions":11,"deletions":6}}}]},{"date":"2023-04-10","commitResults":[{"hash":"ea4c7c38f65e5323eb6d156902f9ea8605e204aa","isMergeCommit":false,"messageTitle":"68 upgrade angular to v10 and node to v14 (#105)","messageBody":"Let\u0027s upgrade Angular version to v10.2 and use Node v14 instead of v12.","fileTypesAndContributionMap":{"ts":{"insertions":16,"deletions":17}}}]}],"cedricongjh":[],"vigneshsankariyer1234567890":[{"date":"2023-02-07","commitResults":[{"hash":"6c6c8a74dcf109e0f7b4cf594b3a6a6c1a0741a0","isMergeCommit":false,"messageTitle":"Fix lint issues (#79)","messageBody":"Let\u0027s fix existing lint issues on main.","fileTypesAndContributionMap":{"ts":{"insertions":5,"deletions":8}}}]},{"date":"2023-04-10","commitResults":[{"hash":"384e28bfe1da526fe87490553fc9adeef09e9392","isMergeCommit":false,"messageTitle":"Better error messages (#104)","messageBody":"Add better error messages for invalid repo inputs.\r\n\r\nLong and unreadable errors are produced when invalid repos are provided\r\nin auth. This makes the app difficult to use and unintuitive. Catching and\r\nvalidating these errors will help us create a better experience for the user.\r\n\r\nLet\u0027s\r\n* Add more validation in `Repo` to ensure given repos are indeed valid\r\n* Add clearer logging to `GithubService` for better debugging.\r\n* Change behaviour of PhaseService to validate org and repoName from\r\nlocalStorage\r\n* Edit components that request for repo-based information to validate\r\nrepos before requesting\r\n* Change `LabelFilterBarComponent` to complete loading regardless of\r\nerrors received","fileTypesAndContributionMap":{"ts":{"insertions":218,"deletions":27}}},{"hash":"455f0a508efc0d909819a4db228f5acd287b49a0","isMergeCommit":false,"messageTitle":"Update issues-viewer.component.ts (#114)","messageBody":"Reset the `IssuesDataTable` before fetching and repopulating Issues.","fileTypesAndContributionMap":{"ts":{"insertions":1,"deletions":0}}}]},{"date":"2023-04-13","commitResults":[{"hash":"8c727a47193963c53183e5de8527e5ed43024dd6","isMergeCommit":false,"messageTitle":"Add additional card to show unassigned issues (#118)","messageBody":"Add an additional CardViewComponent that displays unassigned Issues.","fileTypesAndContributionMap":{"css":{"insertions":28,"deletions":29},"html":{"insertions":20,"deletions":18},"ts":{"insertions":8,"deletions":7}}}]},{"date":"2023-04-14","commitResults":[{"hash":"ce83ce9ede5f299e393106b54c44235c1fa20b78","isMergeCommit":false,"messageTitle":"Remove electron from WATcher (#113)","messageBody":"Refactor and remove uses of Electron from WATcher\r\n\r\nThere are many uses of Electron in WATcher, even with the CATcher\r\nElectron app being deprecated. As such, there are many instances\r\nof unused code, which is bad practice.\r\n\r\nRemoving instances of uses of Electron allows us to trim the codebase\r\nand remove dead code.\r\n\r\nLet\u0027s \r\n* Refactor and remove uses of Electron from WATcher\r\n* Remove all uses of Electron in the `src` folder.\r\n* Remove uses of Electron from `package.json` and other files\r\n* Delete folders such as `electron-utils` and files such as `postinstall`\r\nthat are used to initialise electron\r\n* Remove and amend scripts in `package.json` that are involved in\r\nbuilding the electron app\r\n* Edit `deployment-actions.yml` to remove pre-build actions from\r\nCD workflow","fileTypesAndContributionMap":{"js":{"insertions":0,"deletions":32},"html":{"insertions":1,"deletions":4},"ts":{"insertions":38,"deletions":566}}},{"hash":"1be4d82e5577b4c239e1b4dffa262c7aea96553e","isMergeCommit":false,"messageTitle":"Add horizontal scroll to Issues Viewer (#122)","messageBody":"Add horizontal scroll to Issues Viewer\r\n\r\nOriginally, if screen width was decreased or if a team had more\r\nthan 4-5 members, there would be `CardViewComponents` beyond\r\nthe page. This leads to a dampened UX.\r\n\r\nLet\u0027s add horizontal scrolling for `IssuesViewerComponent`.","fileTypesAndContributionMap":{"css":{"insertions":6,"deletions":0},"html":{"insertions":1,"deletions":1}}}]}],"weiquu":[],"itsyme":[],"Eclipse-Dominator":[{"date":"2023-02-02","commitResults":[{"hash":"62a78c9c9bcb54dad5f11f4f1c4a9df5b61457bd","isMergeCommit":false,"messageTitle":"Rename loggingService to logger (#67)","messageBody":"Fix invalid variable name. ","fileTypesAndContributionMap":{"ts":{"insertions":14,"deletions":15}}}]},{"date":"2023-02-06","commitResults":[{"hash":"1b6a9751bf31f1d79066722bfabf569027ca31ba","isMergeCommit":false,"messageTitle":"Fix hard to see text labels (#64)","messageBody":"Fix missing dynamic label text color\r\n\r\nThe method to determine if a label\u0027s font color should be \r\nblack or white is already present in the codebase but is not applied.\r\nThis caused some labels text to be hard to see due to the lack of contrast. \r\nThis fixes the issue by applying the style settings to the labels","fileTypesAndContributionMap":{"css":{"insertions":5,"deletions":5},"html":{"insertions":16,"deletions":18},"ts":{"insertions":44,"deletions":47}}}]},{"date":"2023-03-02","commitResults":[{"hash":"d20a4bde21e75f3d7dc9827a1030d53c7a42aa05","isMergeCommit":false,"messageTitle":"Add show and hide labels menu (#82)","messageBody":"The UI can look messy when there are a lot of labels\r\n\r\nLet\u0027s add a menu to allow the users to selectively hide label from the view.","fileTypesAndContributionMap":{"css":{"insertions":56,"deletions":22},"html":{"insertions":58,"deletions":33},"ts":{"insertions":169,"deletions":121}}}]},{"date":"2023-04-05","commitResults":[{"hash":"8679a25303ef744ec79d341f6fccf054e88aa11b","isMergeCommit":false,"messageTitle":"[#111] Modularizing issues and PRs as components (#116)","messageBody":"Currently, issue and PR html components are rendered within the cardview component. \r\nThis creates the difficulty in the future when new features are to be added to issues and PRs.\r\n\r\nLet\u0027s\r\n- Separate out the issues and PR as a separate component\r\n- Replace the old tag with the new tags","fileTypesAndContributionMap":{"css":{"insertions":97,"deletions":39},"html":{"insertions":29,"deletions":29},"ts":{"insertions":168,"deletions":102}}},{"hash":"2118df23222c094b4d1bd9c42449e4d068ecb3a6","isMergeCommit":false,"messageTitle":"119 fix datatable inefficiency (#120)","messageBody":"Inefficient nesting of subscribers in IssueDataTable has introduced \r\nunnecessary and very expensive computes to WATcher.\r\n\r\nLet\u0027s \r\n- Improve WATcher\u0027s efficiency by removing the nesting of subscribers in IssueDataTable.ts","fileTypesAndContributionMap":{"ts":{"insertions":57,"deletions":62}}}]},{"date":"2023-04-15","commitResults":[{"hash":"1bc8ae10f09ee8e0fe729146f383b4fa914a3e4b","isMergeCommit":false,"messageTitle":"Modularization and abstraction of filter related components (#129)","messageBody":"Profile page requires reusing code from filter-related components. \r\nTo avoid too much code duplication, let\u0027s modularise the filter bar \r\nand abstract out important aspects of filter-related components\r\n\r\n- Modularizes Filter bar into its own components\r\n- Moves labelfilterbar to a component within the abstracted out filterbar\r\n- Abstract out dropdownfilter into its own class\r\n- Abstract out interfaces for filterableSource and filterableComponents for better code quality\r\n- Further abstract out filter functionalities to reduce code duplication","fileTypesAndContributionMap":{"css":{"insertions":22,"deletions":0},"html":{"insertions":57,"deletions":56},"ts":{"insertions":236,"deletions":135}}}]},{"date":"2023-07-01","commitResults":[{"hash":"9635dcaca0a95c3f818fa04c21a9f1f23c4ad89a","isMergeCommit":false,"messageTitle":"Fix pressing back to cause issues to being cleared (#142)","messageBody":"Issues stored in issue service are being reset each time initialize is\r\ncalled in IssuesViewerComponent. This is undesirable as this method\r\ncan be called when users manually press back on the browser. \r\n\r\nAs the issues cache is being managed via a cache manager, this will\r\ncreate a scenario where the cache manager claims that there are no\r\nchanges to the repo but the cache has already been cleared. This causes\r\nissues to be cleared and no new issues are being loaded from the GitHub\r\nServer.\r\n\r\nLet\u0027s resolve this by moving the reset to be called when repo change\r\nevent occurs instead.","fileTypesAndContributionMap":{"ts":{"insertions":4,"deletions":2}}}]}],"vvidday":[],"ckcherry23":[],"domlimm":[],"jasonqiu212":[],"MarcusTXK":[],"sikai00":[],"EuniceSim142":[],"yucheng11122017":[],"hhdqirui":[],"EltonGohJH":[],"lhw-1":[],"kevin9foong":[],"cheehongw":[{"date":"2023-01-18","commitResults":[{"hash":"39e2e252483b45d0c12f64afd09252bb0604e5c3","isMergeCommit":false,"messageTitle":"Reset milestone selection upon repo change (#57)","messageBody":"Previously, milestones selected in the milestone filter are not cleared \r\nupon a repository change. This means that old milestones from the \r\nprevious repository remain selected, which may or may not exist in the \r\nnewly loaded repository. As such, the milestone selection should be \r\nfresh and reset for every new repo loaded.\r\n\r\nLet\u0027s reset the milestone selection upon a repository change","fileTypesAndContributionMap":{"html":{"insertions":1,"deletions":1},"ts":{"insertions":6,"deletions":1}}}]},{"date":"2023-01-31","commitResults":[{"hash":"45a5c1d6747ea7d9acb477ccdd4bb206beeff22d","isMergeCommit":false,"messageTitle":"Add logging for services (#59)","messageBody":"Standardize logging formats and add more logging.\r\n\r\nLet\u0027s specify where log statements are being generated, and add more \r\nlogging statements to aid in diagnostics.","fileTypesAndContributionMap":{"ts":{"insertions":75,"deletions":69}}}]},{"date":"2023-02-01","commitResults":[{"hash":"5ca8b21b62c34a8b36f764c3d619fe9e6720ed01","isMergeCommit":false,"messageTitle":"Move repo name to header bar (#62)","messageBody":"Move repository name to header bar\r\n\r\nLet\u0027s display the current repo\u0027s name to the header bar and allow \r\nusers to change the current repo by showing a form through a dialog.","fileTypesAndContributionMap":{"css":{"insertions":15,"deletions":0},"html":{"insertions":27,"deletions":11},"ts":{"insertions":95,"deletions":15}}}]},{"date":"2023-02-10","commitResults":[{"hash":"1cda6374d63f3b80e5b8435078489153501071f2","isMergeCommit":false,"messageTitle":"Fix uncaught httpError arising from promise (#70)","messageBody":"Fix uncaught httpError arising from promise\r\n\r\n`catchError` does not appear to catch an error on an observable created \r\nfrom a promise.\r\n\r\nLet\u0027s catch the error in the promise before converting it to an \r\nobservable.","fileTypesAndContributionMap":{"ts":{"insertions":8,"deletions":1}}},{"hash":"db01d5368ee797af80a251209c405154e27ebb64","isMergeCommit":false,"messageTitle":"Remove unused code in IssuesViewerComponent (#71)","messageBody":"Remove unused code in IssuesViewerComponent\r\n\r\nAfter moving the change repo form to the header bar, the `repoForm` \r\nattribute in `IssuesViewerComponent` is no longer needed.\r\n\r\nLet\u0027s remove it.","fileTypesAndContributionMap":{"ts":{"insertions":0,"deletions":4}}}]},{"date":"2023-02-19","commitResults":[{"hash":"bd4609dd755cb6c95f287b1e2b45088e5d00108a","isMergeCommit":false,"messageTitle":"Enable linting in Github workflow (#81)","messageBody":"","fileTypesAndContributionMap":{"ts":{"insertions":2,"deletions":3}}}]},{"date":"2023-02-24","commitResults":[{"hash":"1a4b23f59c67113008bcc2451e2fed16581d4773","isMergeCommit":false,"messageTitle":"Remove tests for unused components (#86)","messageBody":"Remove tests for unused components\r\n\r\nThese components include:\r\n- IssueTablesComponent\r\n- AssigneeComponent\r\n- DescriptionComponent\r\n- DuplicatedIssueComponent\r\n- LabelComponent\r\n- TitleComponent\r\n- LabelDropdownComponent","fileTypesAndContributionMap":{"ts":{"insertions":1,"deletions":681}}}]},{"date":"2023-03-05","commitResults":[{"hash":"22085d0708518bce82680042f88e00b7122e44a3","isMergeCommit":false,"messageTitle":"Create release for WATcher v0.0.2 (#88)","messageBody":"Merge release branch for WATcher v0.0.2","fileTypesAndContributionMap":{"ts":{"insertions":1,"deletions":1}}}]},{"date":"2023-03-06","commitResults":[{"hash":"58d71bf893f236ea000fcddd58d56c52f0b18072","isMergeCommit":false,"messageTitle":"Remove label-filter-bar as module export (#92)","messageBody":"Remove label-filter-bar as module export\r\n\r\nLet\u0027s remove label-filter-bar as an module as it is not a standalone \r\nmodule but a component under the issues-viewer module.","fileTypesAndContributionMap":{"ts":{"insertions":0,"deletions":11}}}]}]},"authorFileTypeContributionMap":{"Echomo-Xinyu":{"js":0,"css":4,"html":3,"ts":80},"cedricongjh":{"js":0,"css":0,"html":0,"ts":0},"vigneshsankariyer1234567890":{"js":0,"css":6,"html":5,"ts":220},"weiquu":{"js":0,"css":0,"html":0,"ts":0},"itsyme":{"js":0,"css":0,"html":0,"ts":0},"Eclipse-Dominator":{"js":0,"css":174,"html":131,"ts":558},"vvidday":{"js":0,"css":0,"html":0,"ts":0},"ckcherry23":{"js":0,"css":0,"html":0,"ts":0},"domlimm":{"js":0,"css":0,"html":0,"ts":0},"jasonqiu212":{"js":0,"css":0,"html":0,"ts":0},"MarcusTXK":{"js":0,"css":0,"html":0,"ts":0},"sikai00":{"js":0,"css":0,"html":0,"ts":0},"EuniceSim142":{"js":0,"css":0,"html":0,"ts":0},"yucheng11122017":{"js":0,"css":0,"html":0,"ts":0},"hhdqirui":{"js":0,"css":0,"html":0,"ts":0},"EltonGohJH":{"js":0,"css":0,"html":0,"ts":0},"lhw-1":{"js":0,"css":0,"html":0,"ts":0},"kevin9foong":{"js":0,"css":0,"html":0,"ts":0},"cheehongw":{"js":0,"css":15,"html":22,"ts":137}},"authorContributionVariance":{"Echomo-Xinyu":97.38057,"cedricongjh":0.0,"vigneshsankariyer1234567890":2296.3416,"weiquu":0.0,"itsyme":0.0,"Eclipse-Dominator":3811.5112,"vvidday":0.0,"ckcherry23":0.0,"domlimm":0.0,"jasonqiu212":0.0,"MarcusTXK":0.0,"sikai00":0.0,"EuniceSim142":0.0,"yucheng11122017":0.0,"hhdqirui":0.0,"EltonGohJH":0.0,"lhw-1":0.0,"kevin9foong":0.0,"cheehongw":2384.3127},"authorDisplayNameMap":{"Echomo-Xinyu":"SUN ..INYU","cedricongjh":"ONG ..DRIC","vigneshsankariyer1234567890":"VIGN..IYER","weiquu":"NEO ..QING","itsyme":"LEE ..AVID","Eclipse-Dominator":"LI Z..AOQI","vvidday":"DAVI.. ONG","ckcherry23":"CHAR..USAR","domlimm":"DOMI.. JUN","jasonqiu212":"QIU ..ASON","MarcusTXK":"MARC.. KYE","sikai00":"CHAN.. KAI","EuniceSim142":"SIM ..NICE","yucheng11122017":"CHAN..HENG","hhdqirui":"WU Q..IRUI","EltonGohJH":"ELTO.. HAO","lhw-1":"LEE ..WOON","kevin9foong":"KEVI..TONG","cheehongw":"WONG..HONG"}}
