{"authorDailyContributionsMap":{"Echomo-Xinyu":[{"date":"2023-01-31","commitResults":[{"hash":"386f15846f11932998eab5cf83fcb898a64f94d0","messageTitle":"Modify card view to move milestone flag position (#61)","messageBody":"Let\u0027s modify card view to move milestone flag position for better view.","fileTypesAndContributionMap":{"html":{"insertions":2,"deletions":4}}}]},{"date":"2023-03-05","commitResults":[{"hash":"474c63d915d7e4d77b019ceeb413d45f69ebb761","messageTitle":"Fix wrong octicon displayed for closed PR (#89)","messageBody":"Let\u0027s update the octicon and its colour for the closed PR","fileTypesAndContributionMap":{"css":{"insertions":4,"deletions":0},"ts":{"insertions":18,"deletions":3}}}]},{"date":"2023-03-20","commitResults":[{"hash":"f11c428a2421fb8ed121b74c7696dd8fa24efd9d","messageTitle":"Fix closed pr icon (#91)","messageBody":"Let\u0027s update the octicon and its colour for the closed PR","fileTypesAndContributionMap":{"css":{"insertions":4,"deletions":0},"ts":{"insertions":18,"deletions":3}}}]},{"date":"2023-03-22","commitResults":[{"hash":"86cd747e3a04aefae98ace4ad49957478e9a3c44","messageTitle":"Upgrade angular version v8 to v9 (#84)","messageBody":"Upgrade to Angular version 9.1\r\n\r\nCurrently, our version of Angular is no longer supported, and has missing Typescript\r\nfeatures such as optional chaining.\r\n\r\nLet\u0027s upgrade Angular to a LTS version, one major version at a time.\r\n\r\n---------\r\n\r\nCo-authored-by: Kang Su Min \u003c66008784+kkangs0226@users.noreply.github.com\u003e","fileTypesAndContributionMap":{"ts":{"insertions":66,"deletions":65}}}]}],"cedricongjh":[],"vigneshsankariyer1234567890":[{"date":"2023-02-07","commitResults":[{"hash":"6c6c8a74dcf109e0f7b4cf594b3a6a6c1a0741a0","messageTitle":"Fix lint issues (#79)","messageBody":"Let\u0027s fix existing lint issues on main.","fileTypesAndContributionMap":{"ts":{"insertions":5,"deletions":8}}}]}],"weiquu":[],"itsyme":[],"Eclipse-Dominator":[{"date":"2023-02-02","commitResults":[{"hash":"62a78c9c9bcb54dad5f11f4f1c4a9df5b61457bd","messageTitle":"Rename loggingService to logger (#67)","messageBody":"Fix invalid variable name. ","fileTypesAndContributionMap":{"ts":{"insertions":14,"deletions":15}}}]},{"date":"2023-02-06","commitResults":[{"hash":"1b6a9751bf31f1d79066722bfabf569027ca31ba","messageTitle":"Fix hard to see text labels (#64)","messageBody":"Fix missing dynamic label text color\r\n\r\nThe method to determine if a label\u0027s font color should be \r\nblack or white is already present in the codebase but is not applied.\r\nThis caused some labels text to be hard to see due to the lack of contrast. \r\nThis fixes the issue by applying the style settings to the labels","fileTypesAndContributionMap":{"css":{"insertions":5,"deletions":5},"html":{"insertions":16,"deletions":18},"ts":{"insertions":44,"deletions":47}}}]},{"date":"2023-03-02","commitResults":[{"hash":"d20a4bde21e75f3d7dc9827a1030d53c7a42aa05","messageTitle":"Add show and hide labels menu (#82)","messageBody":"The UI can look messy when there are a lot of labels\r\n\r\nLet\u0027s add a menu to allow the users to selectively hide label from the view.","fileTypesAndContributionMap":{"css":{"insertions":56,"deletions":22},"html":{"insertions":58,"deletions":33},"ts":{"insertions":169,"deletions":121}}}]}],"vvidday":[],"ckcherry23":[],"domlimm":[],"jasonqiu212":[],"MarcusTXK":[],"sikai00":[],"EuniceSim142":[],"yucheng11122017":[],"hhdqirui":[],"EltonGohJH":[],"lhw-1":[],"kevin9foong":[],"cheehongw":[{"date":"2023-01-18","commitResults":[{"hash":"39e2e252483b45d0c12f64afd09252bb0604e5c3","messageTitle":"Reset milestone selection upon repo change (#57)","messageBody":"Previously, milestones selected in the milestone filter are not cleared \r\nupon a repository change. This means that old milestones from the \r\nprevious repository remain selected, which may or may not exist in the \r\nnewly loaded repository. As such, the milestone selection should be \r\nfresh and reset for every new repo loaded.\r\n\r\nLet\u0027s reset the milestone selection upon a repository change","fileTypesAndContributionMap":{"html":{"insertions":1,"deletions":1},"ts":{"insertions":6,"deletions":1}}}]},{"date":"2023-01-31","commitResults":[{"hash":"45a5c1d6747ea7d9acb477ccdd4bb206beeff22d","messageTitle":"Add logging for services (#59)","messageBody":"Standardize logging formats and add more logging.\r\n\r\nLet\u0027s specify where log statements are being generated, and add more \r\nlogging statements to aid in diagnostics.","fileTypesAndContributionMap":{"ts":{"insertions":75,"deletions":69}}}]},{"date":"2023-02-01","commitResults":[{"hash":"5ca8b21b62c34a8b36f764c3d619fe9e6720ed01","messageTitle":"Move repo name to header bar (#62)","messageBody":"Move repository name to header bar\r\n\r\nLet\u0027s display the current repo\u0027s name to the header bar and allow \r\nusers to change the current repo by showing a form through a dialog.","fileTypesAndContributionMap":{"css":{"insertions":15,"deletions":0},"html":{"insertions":27,"deletions":11},"ts":{"insertions":95,"deletions":15}}}]},{"date":"2023-02-10","commitResults":[{"hash":"1cda6374d63f3b80e5b8435078489153501071f2","messageTitle":"Fix uncaught httpError arising from promise (#70)","messageBody":"Fix uncaught httpError arising from promise\r\n\r\n`catchError` does not appear to catch an error on an observable created \r\nfrom a promise.\r\n\r\nLet\u0027s catch the error in the promise before converting it to an \r\nobservable.","fileTypesAndContributionMap":{"ts":{"insertions":8,"deletions":1}}},{"hash":"db01d5368ee797af80a251209c405154e27ebb64","messageTitle":"Remove unused code in IssuesViewerComponent (#71)","messageBody":"Remove unused code in IssuesViewerComponent\r\n\r\nAfter moving the change repo form to the header bar, the `repoForm` \r\nattribute in `IssuesViewerComponent` is no longer needed.\r\n\r\nLet\u0027s remove it.","fileTypesAndContributionMap":{"ts":{"insertions":0,"deletions":4}}}]},{"date":"2023-02-19","commitResults":[{"hash":"bd4609dd755cb6c95f287b1e2b45088e5d00108a","messageTitle":"Enable linting in Github workflow (#81)","messageBody":"","fileTypesAndContributionMap":{"ts":{"insertions":2,"deletions":3}}}]},{"date":"2023-02-24","commitResults":[{"hash":"1a4b23f59c67113008bcc2451e2fed16581d4773","messageTitle":"Remove tests for unused components (#86)","messageBody":"Remove tests for unused components\r\n\r\nThese components include:\r\n- IssueTablesComponent\r\n- AssigneeComponent\r\n- DescriptionComponent\r\n- DuplicatedIssueComponent\r\n- LabelComponent\r\n- TitleComponent\r\n- LabelDropdownComponent","fileTypesAndContributionMap":{"ts":{"insertions":1,"deletions":681}}}]},{"date":"2023-03-05","commitResults":[{"hash":"22085d0708518bce82680042f88e00b7122e44a3","messageTitle":"Create release for WATcher v0.0.2 (#88)","messageBody":"Merge release branch for WATcher v0.0.2","fileTypesAndContributionMap":{"ts":{"insertions":1,"deletions":1}}}]},{"date":"2023-03-06","commitResults":[{"hash":"58d71bf893f236ea000fcddd58d56c52f0b18072","messageTitle":"Remove label-filter-bar as module export (#92)","messageBody":"Remove label-filter-bar as module export\r\n\r\nLet\u0027s remove label-filter-bar as an module as it is not a standalone \r\nmodule but a component under the issues-viewer module.","fileTypesAndContributionMap":{"ts":{"insertions":0,"deletions":11}}}]}]},"authorFileTypeContributionMap":{"Echomo-Xinyu":{"js":0,"css":4,"html":2,"ts":84},"cedricongjh":{"js":0,"css":0,"html":0,"ts":0},"vigneshsankariyer1234567890":{"js":0,"css":0,"html":0,"ts":5},"weiquu":{"js":0,"css":0,"html":0,"ts":0},"itsyme":{"js":0,"css":0,"html":0,"ts":0},"Eclipse-Dominator":{"js":0,"css":56,"html":58,"ts":194},"vvidday":{"js":0,"css":0,"html":0,"ts":0},"ckcherry23":{"js":0,"css":0,"html":0,"ts":0},"domlimm":{"js":0,"css":0,"html":0,"ts":0},"jasonqiu212":{"js":0,"css":0,"html":0,"ts":0},"MarcusTXK":{"js":0,"css":0,"html":0,"ts":0},"sikai00":{"js":0,"css":0,"html":0,"ts":0},"EuniceSim142":{"js":0,"css":0,"html":0,"ts":0},"yucheng11122017":{"js":0,"css":0,"html":0,"ts":0},"hhdqirui":{"js":0,"css":0,"html":0,"ts":0},"EltonGohJH":{"js":0,"css":0,"html":0,"ts":0},"lhw-1":{"js":0,"css":0,"html":0,"ts":0},"kevin9foong":{"js":0,"css":0,"html":0,"ts":0},"cheehongw":{"js":0,"css":15,"html":24,"ts":150}},"authorContributionVariance":{"Echomo-Xinyu":161.91763,"cedricongjh":0.0,"vigneshsankariyer1234567890":1.4954563,"weiquu":0.0,"itsyme":0.0,"Eclipse-Dominator":2020.3704,"vvidday":0.0,"ckcherry23":0.0,"domlimm":0.0,"jasonqiu212":0.0,"MarcusTXK":0.0,"sikai00":0.0,"EuniceSim142":0.0,"yucheng11122017":0.0,"hhdqirui":0.0,"EltonGohJH":0.0,"lhw-1":0.0,"kevin9foong":0.0,"cheehongw":4494.4194},"authorDisplayNameMap":{"Echomo-Xinyu":"SUN ..INYU","cedricongjh":"ONG ..DRIC","vigneshsankariyer1234567890":"VIGN..IYER","weiquu":"NEO ..QING","itsyme":"LEE ..AVID","Eclipse-Dominator":"LI Z..AOQI","vvidday":"DAVI.. ONG","ckcherry23":"CHAR..USAR","domlimm":"DOMI.. JUN","jasonqiu212":"QIU ..ASON","MarcusTXK":"MARC.. KYE","sikai00":"CHAN.. KAI","EuniceSim142":"SIM ..NICE","yucheng11122017":"CHAN..HENG","hhdqirui":"WU Q..IRUI","EltonGohJH":"ELTO.. HAO","lhw-1":"LEE ..WOON","kevin9foong":"KEVI..TONG","cheehongw":"WONG..HONG"}}
